Country,Region,DataYear,ClassGrade,Gender,Ageyears,Handed,Height_cm,Footlength_cm,Armspan_cm,Languages_spoken,Travel_to_School,Travel_time_to_School,Reaction_time,Score_in_memory_game,Favourite_physical_activity,Importance_reducing_pollution,Importance_recycling_rubbish,Importance_conserving_water,Importance_saving_energy,Importance_owning_computer,Importance_Internet_access,Left_Footlength_cm,Longer_foot,Index_Fingerlength_mm,Ring_Fingerlength_mm,Longer_Finger_Lefthand,Birth_month,Favorite_Season,Allergies,Vegetarian,Favorite_Food,Beverage,Favorite_School_Subject,Sleep_Hours_Schoolnight,Sleep_Hours_Non_Schoolnight,Home_Occupants,Home_Internet_Access,Communication_With_Friends,Text_Messages_Sent_Yesterday,Text_Messages_Received_Yesterday,Hanging_Out_With_Friends_Hours,Talking_On_Phone_Hours,Doing_Homework_Hours,Doing_Things_With_Family_Hours,Outdoor_Activities_Hours,Video_Games_Hours,Social_Websites_Hours,Texting_Messaging_Hours,Computer_Use_Hours,Watching_TV_Hours,Paid_Work_Hours,Work_At_Home_Hours,Schoolwork_Pressure,Planned_Education_Level,Favorite_Music,Superpower,Preferred_Status,Role_Model_Type,Charity_Dotion
USA,OR,2019,10,Male,15,Right-Handed,183,26,190,3,Car,15,0.112,38,Football (American),900,100,80,600,400,1000,26,Same length,95,106,Ring finger,December,Winter,No,No,Rice/Noodle dishes,Soft drink (caffeited),Science,7,8,6,Yes - broadband connection,Myspace Facebook other social networking sites or blog,4,4,1000,0,100,200,300,500,700,200,600,300,200,100,A lot,Some college,Ra/Hi ho,Fly,Famous,Politician,Environment
USA,OR,2019,11,Male,17,Left-Handed,,,,,,18,0.5,60,Basketball,400,600,400,400,700,1000,20,Same length,50,60,Ring finger,Aril,Fall,No,No,Meat,Water,Geograhy,7,8,4,Yes - broadband connection,Internet chat or instant messaging,10,20,40,10,350,600,400,10,60,120,150,0,15,100,A lot,Graduate degree,Ra/Hi ho,Super strength,Rich,,Arts culture sorts
USA,OR,2019,10,Female,17,Right-Handed,62,24,152,1,Car,10,0.732,66,Tennis,1000,1000,1000,1000,500,800,24,Same length,9.6,8,Index finger,Aril,Fall,No,No,Breads/Sandwiches,Water,English,7,8,4,Yes - broadband connection,Myspace Facebook other social networking sites or blog,200,230,15,50,20,5,30,25,40,45,50,30,0,25,A lot,Graduate degree,Other,Freeze time,Hay,Other,Environment
USA,OR,2019,10,Female,15,Right-Handed,162,24,162,1,Car,7,0.574,43,Soccer,900,800,1000,900,200,900,24,Same length,8,9,Ring finger,March,Fall,No,No,Fruit,Water,Science,,6,3,Yes - broadband connection,Myspace Facebook other social networking sites or blog,90,90,44,1,5,6,120,0,14,14,24,120,0,24,A lot,Graduate degree,Other,Telepathy,Hay,Relative,Wildlife animals
USA,OR,2019,10,Female,17,Right-Handed,168,23,163,2,Car,7,0.41,36,Soccer,950,900,750,600,400,500,23,Same length,82,81,Index finger,August,Fall,Yes,No,Pizza/Pasta,Tea,Mathematics and statistics,6,10,5,Yes - other,Myspace Facebook other social networking sites or blog,0,10,24,,20,5,,,35,,,28,12,20,A lot,Graduate degree,Country,Fly,Hay,Relative,Wildlife animals
USA,OR,2019,9,Female,15,Right-Handed,160,23,134,2,Car,7,0.471,45,Other,241,342,422,53,0,27,20,Right foot,75,70,Index finger,November,Sring,No,No,No favorite,Water,History,8,8,5,Yes - broadband connection,In person,21,21,35,0,10,100,100,0,0,5,0,0,10,20,A lot,Some college,Country,Freeze time,Hay,Other,Wildlife animals
USA,OR,2019,8,Female,13,Right-Handed,157.5,23,165,1,Car,20,0.427,49,Other,890,500,890,500,600,700,23,Same length,65,70,Ring finger,March,Sring,No,No,No favorite,Other,Geograhy,7.5,10,4,Yes - other,In person,40,40,50,1,7,40,10,0,10,30,50,40,0,20,Some,Undergraduate degree,Other,Telepathy,Hay,Doctor or nurse,Environment
USA,OR,2019,10,Female,16,Right-Handed,159,25,162,2,Walk,5,0.593,50,Gymstics,997,887,778,655,10,57,25,Same length,8.5,7.5,Same length,December,Summer,No,No,Sous,Coffee,Art,4,3,7,Yes - other,In person,0,0,7,0,25,78,56,15,0,0,5,60,40,19,A lot,Graduate degree,Po,Freeze time,Hay,Doctor or nurse,Health
USA,OR,2019,8,Female,12,Right-Handed,160,23,152,1,Car,30,0.487,40,Bowling,800,940,999,780,990,708,24,Left foot,80,76,Index finger,Aril,Summer,Yes,No,Meat,Water,English,7,9,4,Yes - other,Text messaging,50,20,60,6,3,7,6,1,0,66,30,10,2,16,A lot,Some college,Po,Invisibility,Hay,Friend,Environment
USA,OR,2019,10,Male,14,Right-Handed,171,26.5,179.5,1,Bicycle,8,0.89,45,Cycling,1000,1000,1000,1000,300,500,25.5,Right foot,100,107,Ring finger,Setember,Winter,No,No,Seafood,Water,Music,7,6,3,Yes - broadband connection,Myspace Facebook other social networking sites or blog,4,10,80,4,4,4,12,5,16,18,20,10,0,16,Some,Graduate degree,Other,Fly,Famous,Religious figure,Religious
USA,OR,2019,8,Male,13,Right-Handed,170.6,25,162,1,Walk,40,0.445,43,Other,1000,1000,500,500,300,300,25,Same length,80,60,Index finger,January,Fall,Yes,No,Seafood,Water,Music,7,11,4,Yes - other,Text messaging,5,8,49,21,35,14,21,7,35,7,25,12,0,15,Some,Graduate degree,Rock and roll,Telepathy,Hay,Relative,Health
USA,OR,2019,10,Female,15,Right-Handed,162,24,168,2,Car,20,0.704,57,Dancing,2,5,4,3,6,1,24,Same length,77,85,Ring finger,March,Summer,Yes,No,Seafood,Water,Art,7,10,4,Yes - broadband connection,Text messaging,50,50,56,1,7,28,6,0,0,10000,10000,6,0,14,A lot,Graduate degree,Other,Invisibility,Hay,Actor,Intertiol aid
USA,OR,2019,11,Female,16,Right-Handed,162,25,73,1,Walk,3,0.643,79,Other,,,,,,,25,Same length,88,80,Index finger,December,Fall,Yes,No,Rice/Noodle dishes,Water,Music,7,8,4,Yes - other,In person,41,26,14,25,7,21,14,0,6,25,12,0,0,14,Some,High school,Rhythm and blues (R&B),Freeze time,Rich,Musician or singer,Arts culture sorts
USA,OR,2019,10,Female,15,Right-Handed,174,28,169,1,Car,15,0.691,52,Walking/Hiking,1000,500,800,700,100,300,29,Left foot,90,87,Index finger,Setember,Sring,No,Yes,Fruit,Tea,Art,8,9,5,Yes - broadband connection,Text messaging,20,20,19,1,8,32,5,3,10,2,7,0,0,14,Some,Some college,Other,Fly,Hay,Friend,Environment
USA,OR,2019,10,Male,17,Right-Handed,187,28,187,1,Car,8,0.6,50.1,Basketball,800,750,800,900,200,950,28,Same length,95,93,Index finger,November,Winter,No,No,Pizza/Pasta,Water,Geograhy,6,7,4,Yes - broadband connection,Myspace Facebook other social networking sites or blog,17,17,12,14,12,8,24,12,12,3,5,8,0,13,Very little,Graduate degree,Ra/Hi ho,Telepathy,Hay,Sorts erson,Intertiol aid
USA,OR,2019,10,Female,16,Ambidextrous,166,21,164,2,Walk,15,0.3,44,Martial Arts,1000,800,600,800,500,300,21,Same length,80,80,Same length,January,Fall,Yes,Yes,Breads/Sandwiches,Water,Languages,2,4,12,Yes - other,In person,0,5,1,0,5,1,4,1,1,1,2,1,12,12,A lot,Graduate degree,Classical,Fly,Rich,Other,Intertiol aid
USA,OR,2019,10,Male,15,Right-Handed,187,30,190,1,Car,20,0.475,46,Skateboarding/Rollerblading,1000,1000,1000,1000,5,500,30,Same length,100,105,Ring finger,February,Fall,No,No,Meat,Milk,History,7,10,,Yes - broadband connection,In person,20,10,5,1,5,5,12,15,10,4,10,11,0,11,A lot,High school,Ra/Hi ho,Freeze time,Rich,Business erson,Environment
USA,OR,2019,10,Male,17,Right-Handed,180,28,84,1,Car,13,0.314,40,Soccer,500,500,500,500,100,1000,26.5,Right foot,10,1,Same length,Setember,Winter,Yes,No,No favorite,Water,Other,7,11,6,Yes - other,Internet chat or instant messaging,50,50,15,3,5,10,5,2,30,100,100,70,40,10,Some,Other,Ra/Hi ho,Freeze time,Hay,Friend,Other
USA,OR,2019,10,Male,17,Right-Handed,180,28,84,1,Car,13,0.314,40,Soccer,500,500,500,500,100,1000,26.5,Right foot,10,1,Same length,Setember,Winter,Yes,No,No favorite,Water,Other,7,11,6,Yes - other,Internet chat or instant messaging,50,50,15,3,5,10,5,2,30,100,100,70,40,10,Some,Other,Ra/Hi ho,Freeze time,Hay,Friend,Other
USA,OR,2019,10,Female,16,Left-Handed,163,23.5,166,2,Car,8,0.701,42,Athletics,999,800,999,999,200,200,22,Right foot,92,102,Ring finger,November,Summer,No,No,Fruit,Water,Science,6,5,6,Yes - broadband connection,Internet chat or instant messaging,40,50,3,0.5,20,15,14,0.5,6,6,6,5,20,10,A lot,Graduate degree,Punk rock,Fly,Healthy,Doctor or nurse,Environment
USA,OR,2019,10,Female,16,Right-Handed,60,25,149,1,Car,10,0.735,42,Golf,600,600,500,990,300,500,25,Same length,70,61,Index finger,June,Winter,Yes,No,Salads,Energy drink,Other,8,6,8,Yes - broadband connection,Myspace Facebook other social networking sites or blog,50,60,168,18,0,2,6,0,24,15,10,4,20,10,A lot,Graduate degree,Ra/Hi ho,Fly,Rich,Doctor or nurse,Education/Youth develoment
USA,OR,2019,10,Female,17,Right-Handed,162,23,161,1,Car,20,0.715,54,Other,800,700,400,300,400,400,23,Same length,90,95,Ring finger,March,Winter,No,No,Meat,Water,History,8,9,3,Yes - other,In person,30,30,2,1,20,30,20,0,10,1,10,2,13,10,A lot,Graduate degree,Country,Telepathy,Healthy,Relative,Health
USA,OR,2019,9,Male,14,Right-Handed,188,30,74,1,Bus,30,0.366,53,Football (American),503,626,374,775,0,775,12,Same length,70,70,Same length,August,Fall,No,No,Breads/Sandwiches,Milk,Other,7,6,5,Yes - broadband connection,Myspace Facebook other social networking sites or blog,0,12,35,0,10,4,2,49,10,0,10,3,5,10,Some,Some college,Po,Freeze time,Hay,Relative,Health
USA,OR,2019,10,Female,18,Right-Handed,157,21,160,2,Bus,24,0.752,68,Table Tennis,1000,800,500,700,800,1000,21,Same length,4,3,Index finger,August,Summer,No,Yes,Pizza/Pasta,Juice,English,3.5,3.5,5,Yes - broadband connection,In person,0,0,124,0,100,50,20,146,146,126,156,100,0,10,A lot,Graduate degree,Po,Freeze time,Hay,Coach or club leader,Education/Youth develoment
USA,OR,2019,12,Female,15,Right-Handed,155,21,152.5,2,Car,15,0.456,54,Bowling,497,1000,1000,1000,21,43,,,61,,,October,Fall,Yes,No,No favorite,Water,,8,8,4,Yes - broadband connection,Text messaging,0,0,30,2,25,35,10,0,10,5,25,20,0,10,A lot,Undergraduate degree,Rock and roll,Telepathy,Hay,Teacher,Wildlife animals
USA,OR,2019,10,Female,15,Ambidextrous,166.4,32.5,166.9,3,Skateboard/Scooter/Rollerblade,15,0.731,48,Skateboarding/Rollerblading,1000,1000,1000,1000,200,400,32.5,Same length,100,90,Index finger,January,Fall,Yes,No,Seafood,Water,History,8,4.5,6,Yes - other,Internet chat or instant messaging,15,25,10,6,5,15,0,10,8,10,8,15,0,10,Some,Graduate degree,Rhythm and blues (R&B),Telepathy,Hay,Sorts erson,Wildlife animals
USA,OR,2019,10,Female,15,Ambidextrous,166.4,32.5,166.9,3,Skateboard/Scooter/Rollerblade,15,0.731,48,Skateboarding/Rollerblading,1000,1000,1000,1000,200,400,32.5,Same length,100,90,Index finger,January,Fall,Yes,No,Seafood,Water,History,8,4.5,6,Yes - other,Internet chat or instant messaging,15,25,10,6,5,15,0,10,8,10,8,15,0,10,Some,Graduate degree,Rhythm and blues (R&B),Telepathy,Hay,Sorts erson,Wildlife animals
USA,OR,2019,10,Female,15,Right-Handed,171,126,178,1,Walk,1,0.732,57,Baseball/Softball,1000,1000,1000,1000,0,0,125,Right foot,95,85,Ring finger,January,Winter,Yes,No,Pizza/Pasta,Water,English,7,9,3,Yes - other,Cell phone,,,10,6,7,10,7,0,2,5,3,9,0,10,Some,Graduate degree,Ra/Hi ho,Fly,Rich,Relative,Health
USA,OR,2019,10,Male,18,Right-Handed,171,24,175,1,Car,1,0.468,35,Football (American),500,300,700,700,800,900,24,Same length,90,88,Index finger,July,Summer,No,No,Meat,Sorts drink,History,9,10,5,Yes - broadband connection,Cell phone,10,50,8,0,7,10,10,5,7,4,2,6,0,10,Some,Graduate degree,Ra/Hi ho,Fly,Hay,Community leader or elder,Religious
USA,OR,2019,10,Male,15,Right-Handed,163,25,166,2,Bicycle,10,0.65,36,Other,1000,1000,875,796,400,299,25.5,Left foot,85,100,Ring finger,Setember,Fall,No,No,Poultry,Water,Comuters and technology,8.5,11.5,4,Yes - broadband connection,Internet chat or instant messaging,6,8,4,0,0,20,5,20,3,1,1,5,0,10,A lot,Graduate degree,Jazz,Invisibility,Hay,Relative,Environment
USA,OR,2019,10,Female,16,Left-Handed,162,24,160,1,Walk,10,0.419,53,Walking/Hiking,1000,500,500,1000,600,700,24,Same length,8.5,7.5,Index finger,Setember,Fall,Yes,No,Vegetables,Water,Music,6,5,5,Yes - other,Text messaging,300,400,24,10,13,17,11,20,27,16,29,3,0,10,Some,Some college,Po,Telepathy,Healthy,Relative,Health
USA,OR,2019,10,Female,17,Right-Handed,165.5,24,166,2,Car,13,0.9,56,Dancing,1000,1000,900,900,500,500,24,Same length,85,70,Index finger,May,Fall,Yes,No,Breads/Sandwiches,Tea,History,6,8,4,Yes - other,Internet chat or instant messaging,100,105,10,1,10,2,5,0,5,3,5,3,0,10,A lot,Undergraduate degree,Ra/Hi ho,Telepathy,Hay,Teacher,Wildlife animals
USA,OR,2019,10,Female,17,Right-Handed,158.5,23,169,2,Car,10,0.697,56,Other,,,,,,,23,Left foot,75,75,Same length,,Sring,No,No,No favorite,Water,Physical education,7,10,5,Yes - broadband connection,Text messaging,300,310,50,53,15,7,4,0,10,20,0,2,0,10,Some,Graduate degree,Ra/Hi ho,Telepathy,Hay,Relative,Health
USA,OR,2019,10,Female,17,Right-Handed,158.5,23,169,2,Car,10,0.697,56,Other,,,,,,,23,Left foot,75,75,Same length,,Sring,No,No,No favorite,Water,Physical education,7,10,5,Yes - broadband connection,Text messaging,300,310,50,53,15,7,4,0,10,20,0,2,0,10,Some,Graduate degree,Ra/Hi ho,Telepathy,Hay,Relative,Health
USA,OR,2019,10,Male,16,Right-Handed,75,26,179,2,Bus,15,0.2463,0.3,Walking/Hiking,,,,,,,26,,9.5,9.8,,May,Summer,No,No,Other,Milk,Art,6,10,4,Yes - broadband connection,In person,0,0,6,0,2,3,1,14,13,13,20,1,6,9,A lot,Some college,Techno/Electronic,Fly,Hay,Business erson,Wildlife animals
USA,OR,2019,10,Female,15,Right-Handed,156,21,157,1,Car,15,0.796,51,Tennis,1000,1000,900,900,800,1000,21,Same length,87,83,Index finger,Aril,Fall,Yes,No,Pizza/Pasta,Water,History,7,9,4,Yes - other,Text messaging,200,230,10,3,8,2,5,35,12,14,15,12,5,9,A lot,Graduate degree,Po,Fly,Hay,Relative,Health
USA,OR,2019,10,Male,16,Left-Handed,182,24,179,0,Car,7,0.689,60,Athletics,50,650,500,1000,800,750,24,Same length,10.5,10,Same length,June,Fall,No,No,Breads/Sandwiches,Water,History,6,7,4,Yes - other,Internet chat or instant messaging,50,45,0,2,15,3,20,0,12,20,2,4,0,9,A lot,Graduate degree,Po,Super strength,Hay,Politician,Intertiol aid
USA,OR,2019,10,Female,15,Right-Handed,168,24,61,1,Car,20,0.42,50,Golf,900,850,750,800,400,500,23,Same length,8.5,9,Ring finger,March,Winter,Yes,No,Meat,Water,History,6.5,7,3,Yes - other,Text messaging,5,5,7,1,11,21,9,1,7,1,14,6,20,8,Some,Undergraduate degree,Ra/Hi ho,Telepathy,Hay,Coach or club leader,Arts culture sorts
USA,OR,2019,10,Male,16,Right-Handed,180,31,178,1,Car,10,0.47,45,Football (American),900,900,500,450,250,400,31,Same length,85,80,Index finger,November,Winter,No,No,No favorite,Sorts drink,Physical education,6,8,6,Yes - broadband connection,Internet chat or instant messaging,75,85,45,15,6,19,15,3,15,15,2,3,9,8,Some,High school,Ra/Hi ho,Super strength,Healthy,Musician or singer,Education/Youth develoment
USA,OR,2019,10,Female,17,Right-Handed,,23,158,1,Car,3,0.707,32,Other,1000,500,175,500,0,250,24,Left foot,8.5,8,Index finger,March,Fall,Yes,No,Pizza/Pasta,Water,Music,6,8,3,Yes - broadband connection,Myspace Facebook other social networking sites or blog,10,10,70,2,2,100,18,5,75,30,120,50,8,8,A lot,Graduate degree,Country,Invisibility,Healthy,Doctor or nurse,Wildlife animals
USA,OR,2019,10,Female,17,Right-Handed,,23,158,1,Car,3,0.707,32,Other,1000,500,175,500,0,250,24,Left foot,8.5,8,Index finger,March,Fall,Yes,No,Pizza/Pasta,Water,Music,6,8,3,Yes - broadband connection,Myspace Facebook other social networking sites or blog,10,10,70,2,2,100,18,5,75,30,120,50,8,8,A lot,Graduate degree,Country,Invisibility,Healthy,Doctor or nurse,Wildlife animals
USA,OR,2019,10,Female,17,Right-Handed,,23,158,1,Car,3,0.707,32,Other,1000,500,175,500,0,250,24,Left foot,8.5,8,Index finger,March,Fall,Yes,No,Pizza/Pasta,Water,Music,6,8,3,Yes - broadband connection,Myspace Facebook other social networking sites or blog,10,10,70,2,2,100,18,5,75,30,120,50,8,8,A lot,Graduate degree,Country,Invisibility,Healthy,Doctor or nurse,Wildlife animals
USA,OR,2019,10,Female,17,Right-Handed,162.5,22.2,162.5,1,Car,13,0.36,50,Athletics,800,800,500,500,400,400,22.4,Left foot,88,76,Index finger,November,Sring,No,No,Breads/Sandwiches,Water,English,6.5,7,7,Yes - broadband connection,Myspace Facebook other social networking sites or blog,15,15,10,0.25,10,15,15,0,25,15,10,10,0,8,Some,Graduate degree,Ra/Hi ho,Fly,Hay,Relative,Health
USA,OR,2019,10,Female,17,Right-Handed,160,34,163,1,Car,35,0.753,34,Dancing,800,800,850,750,550,650,34,Same length,40,30,Ring finger,March,Winter,Yes,No,Meat,Coffee,Other,5,7,6,Yes - other,Text messaging,5,3,2,1,28,3,21,1,3,2,2,5,0,8,A lot,Graduate degree,Other,Telepathy,Healthy,Other,Environment
USA,OR,2019,10,Female,15,Right-Handed,155,21,159,1,Car,20,0.759,54,Swimming,8,8,8,7,6,6,22,Left foot,70,65,Index finger,January,Fall,Yes,No,Fruit,Water,History,6,9,7,Yes - other,Cell phone,75,120,8,15,7,10,12,9,6,7,9,2,15,7,Some,Graduate degree,Ra/Hi ho,Freeze time,Hay,Other,Arts culture sorts
USA,OR,2019,10,Female,16,Right-Handed,165,24,162,1,Car,7,0.753,70,Soccer,900,900,1000,1000,800,700,24,Same length,82,90,Ring finger,July,Sring,Yes,No,Fruit,Coffee,Mathematics and statistics,7,9,5,Yes - broadband connection,Cell phone,40,50,32,16,6,30,14,0,20,21,10,8,5,7,Some,Some college,Po,Fly,Famous,Musician or singer,Wildlife animals
USA,OR,2019,10,Male,15,Right-Handed,181,30,191,1,Bus,20,0.668,68,Football (American),500,100,500,500,800,200,30,Same length,90,90,Same length,December,Summer,No,No,Meat,Water,Physical education,8,6,3,Yes - other,Myspace Facebook other social networking sites or blog,700,750,1,4,2,7,7,6,7,7,7,7,3,7,Some,Graduate degree,Ra/Hi ho,Super strength,Healthy,Other,Wildlife animals
USA,OR,2019,10,Female,15,Right-Handed,165,23.1,159.5,2,Walk,10,0.728,49,Golf,1000,1000,980,1000,300,100,23.1,Same length,87,100,Ring finger,June,Winter,Yes,No,Desserts,Tea,Art,9,11,5,Yes - other,Cell phone,0,0,4,14,8,5,2,9,3,4,20,14,1,7,A lot,Some college,Po,Freeze time,Rich,Relative,Health
USA,OR,2019,8,Male,13,Right-Handed,157.5,26,68,1,Car,45,0.368,38,Basketball,950,760,570,780,800,600,22,Right foot,9,6,Index finger,July,Summer,Yes,No,Fruit,Water,Mathematics and statistics,7,9,4,Yes - broadband connection,In person,0,0,6,1,0,5,5,2,0,0,3,4,1,7,A lot,Graduate degree,Reggae,Freeze time,Hay,Actor,Health
USA,OR,2019,10,Female,15,Right-Handed,159,25,159,1,Car,5,0.757,0.36,Baseball/Softball,900,800,800,800,600,700,25,Right foot,91,90,Index finger,June,Fall,No,No,Meat,Water,Mathematics and statistics,6,10,5,Yes - other,Internet chat or instant messaging,70,60,20,5,4,10,20,30,50,50,60,15,0,7,Some,Some college,Po,Invisibility,Famous,Actor,Wildlife animals
USA,OR,2019,10,Male,16,Right-Handed,180,27,90,1,Car,10,0.46,48,Other,500,600,100,100,800,800,26,Right foot,94,100,Ring finger,June,Winter,No,No,Rice/Noodle dishes,Water,Mathematics and statistics,7,7,7,Yes - broadband connection,Text messaging,30,40,5,1,21,16,7,14,7,7,7,7,0,7,A lot,Graduate degree,Ra/Hi ho,Freeze time,Rich,Politician,Intertiol aid
USA,OR,2019,10,Female,15,Right-Handed,157,22.5,156,1,Car,10,0.6,56,Walking/Hiking,,,,,,,23,Left foot,70,67,Index finger,October,Summer,Yes,No,Poultry,Water,Social studies,6,8,4,Yes - broadband connection,In person,30,30,28,20,9,9,7,1,13,10,13,3,0,7,A lot,Graduate degree,Ra/Hi ho,Freeze time,Hay,Doctor or nurse,Education/Youth develoment
USA,OR,2019,8,Male,13,Left-Handed,,26,,1,Bus,30,0.3,57,Other,807,636,749,866,1000,1000,27,Left foot,85,77,Index finger,July,Winter,No,No,Pizza/Pasta,Water,Comuters and technology,6,7,3,Yes - other,Text messaging,3,0,0,0,30,90,0,40,0,3,80,0,0,7,Some,Graduate degree,Other,,Hay,Other,Other
USA,OR,2019,10,Male,17,Right-Handed,185,26,185,2,Car,5,0.52,73,Swimming,1000,800,600,500,100,0,26,Same length,100,105,Ring finger,Setember,Summer,Yes,No,Meat,Water,History,6,8,5,Yes - other,,300,400,10,12,3,14,6,0,8,12,12,0,24,6,Some,Some college,Ra/Hi ho,Fly,Hay,Relative,Environment
USA,OR,2019,10,Female,17,Right-Handed,174,24,,3,Car,15,0.07,35,Swimming,1000,1000,1000,1000,500,700,24,Same length,99,100,Ring finger,Aril,Winter,No,No,Fruit,Water,History,7,12,3,Yes - broadband connection,Text messaging,150,300,40,35,5,40,6,0,,,,30,20,6,Some,Some college,Ra/Hi ho,Telepathy,Rich,Friend,Intertiol aid
USA,OR,2019,10,Female,16,Right-Handed,165,24,167,0,Car,20,0.748,59,Swimming,5000,5000,5000,5000,8000,9000,25,Left foot,90,90,Same length,February,Summer,No,No,No favorite,Water,Physical education,7,10,5,Yes - broadband connection,Text messaging,,,7,1,1,30,1,1,7,6,4,10,17,6,A lot,,,,,,
USA,OR,2019,10,Female,17,Right-Handed,160,30,163,1,Car,30,0.831,34,Dancing,800,750,850,750,550,550,30,Same length,119,453,Ring finger,March,Winter,Yes,No,Meat,Coffee,Other,5,7,6,Yes - other,Cell phone,3,3,5,1,18,2,21,0,3,1,10,10,0,6,A lot,Graduate degree,Other,Telepathy,Healthy,Other,Wildlife animals
USA,OR,2019,10,Male,14,Right-Handed,176,26,177,1,Car,20,0.682,46,Baseball/Softball,800,200,0,200,800,1000,26,Same length,65,100,Ring finger,October,Summer,Yes,No,Meat,Soft drink (caffeited),History,5.5,9,4,Yes - broadband connection,Cell phone,8,8,7,6,1,6,0,9,1,0.5,24,8,0,6,Very little,Graduate degree,Country,Invisibility,Rich,Sorts erson,Intertiol aid
USA,OR,2019,10,Female,15,Right-Handed,63.5,25,165,1,Car,15,0.763,50,Dancing,500,500,700,600,1000,1000,26,Left foot,95,100,Ring finger,November,Sring,No,No,Pizza/Pasta,Water,History,9,7,4,Yes - other,Text messaging,4,4,15,0,5,7,9,0,5,5,8,5,0,6,A lot,Some college,Po,Fly,Healthy,Friend,Health
USA,OR,2019,9,Male,14,Right-Handed,170,25.4,,1,Bus,45,0.409,32,None,450,600,150,300,1000,1000,24.13,Right foot,76,86,Ring finger,July,Sring,No,No,Seafood,Tea,Comuters and technology,8,43718,8,Yes - other,Internet chat or instant messaging,2,0,0,0,14,3,0,74,20,1,12,0,0,6,A lot,Graduate degree,Punk rock,Fly,Rich,Musician or singer,Other
USA,OR,2019,10,Male,17,Right-Handed,,,,,Car,10,,,Athletics,,,,,,,,Left foot,,,Ring finger,Aril,Winter,No,No,Fruit,Water,Science,5,8,6,Yes - other,Internet chat or instant messaging,2,7,30,6,5,40,5,5,30,3,40,15,26,5,A lot,Some college,Ra/Hi ho,Fly,Hay,Doctor or nurse,Wildlife animals
USA,OR,2019,10,Female,17,Right-Handed,165,24,175,1,Bus,30,0.735,60,Swimming,900,100,10,30,100,1000,24,Same length,97,97,Same length,March,Fall,Yes,No,Desserts,Soft drink (caffeited),History,6,4,3,Yes - other,Internet chat or instant messaging,300,300,5,5,5,5,0,5,20,20,20,25,20,5,Some,Graduate degree,Country,Telepathy,Hay,Actor,Health
USA,OR,2019,10,Female,16,Right-Handed,176,28,171,1,Car,17,0.251,49,Athletics,700,400,600,400,400,600,29,Left foot,90,80,Index finger,October,Fall,No,No,Pizza/Pasta,Water,Other,8,10,4,Yes - other,Myspace Facebook other social networking sites or blog,40,50,20,4,3,30,3,0,10,20,10,4,20,5,Some,Graduate degree,Ra/Hi ho,Invisibility,Hay,Friend,Wildlife animals
USA,OR,2019,10,Female,17,Right-Handed,167,23,165,1,Car,30,0.5,32,Baseball/Softball,100,700,800,500,0,800,23,Same length,80.5,80,Index finger,January,Fall,Yes,No,Rice/Noodle dishes,Water,Other,7,10,3,Yes - broadband connection,Internet chat or instant messaging,100,100,10,2,15,1,1,0,8,2,10,3,20,5,A lot,Graduate degree,Other,Freeze time,Healthy,Friend,Other
USA,OR,2019,10,Male,175,Right-Handed,175,26,180,1,Car,3,0.523,43,Swimming,600,800,700,500,400,500,26,Same length,104,103,Index finger,Setember,Fall,Yes,No,Pizza/Pasta,Water,Science,7,8,6,Yes - broadband connection,Cell phone,300,330,10,3,6,12,11,2,12,15,15,9,9,5,A lot,Graduate degree,Rock and roll,Fly,Healthy,Sorts erson,Education/Youth develoment
USA,OR,2019,10,Male,17,Right-Handed,168,26,168,1,Car,12,0.6,45,Football (American),900,700,200,650,100,300,26,Same length,85,88,Ring finger,July,Winter,No,No,Meat,Water,History,6,9,4,Yes - broadband connection,Text messaging,6,8,14,1,0,4,5,11,2,6,9,4,5,5,A lot,Some college,Rock and roll,Freeze time,Rich,Relative,Environment
USA,OR,2019,10,Male,16,Right-Handed,180,28,183,2,Skateboard/Scooter/Rollerblade,7,0.734,45,Other,7500,7500,7500,7500,7500,7500,28,Same length,75,80,Ring finger,Aril,Fall,Yes,No,Meat,Water,Music,7,7,4,Yes - broadband connection,Myspace Facebook other social networking sites or blog,31,40,7,1,3,4,18,12,4,1,8,1,5,5,A lot,Other,Other,Freeze time,Hay,Musician or singer,Other
USA,OR,2019,10,Female,15,Right-Handed,169,25,69,1,Bus,20,0.699,45,Baseball/Softball,985,800,400,789,900,950,24,Right foot,6.9,7.2,Ring finger,June,Sring,Yes,No,Fruit,Water,History,7,9,4,Yes - broadband connection,Text messaging,60,68,4,3,5,3,1,2,4,4,3,2,1,5,Some,Other,Other,Telepathy,Rich,Religious figure,Environment
USA,OR,2019,9,Female,16,Right-Handed,150,21.6,149,1,Car,7,0.898,63,Basketball,70,90,30,30,40,90,21,Right foot,70,80,,Aril,Summer,Yes,No,Salads,Water,Other,8,11,9,Yes - other,Cell phone,5,8,77,5,1,4,2,2,88,20,100,88,0,5,A lot,Some college,Ra/Hi ho,Invisibility,Rich,Other,Wildlife animals
USA,OR,2019,10,Male,15,Right-Handed,181,29,87,1,Walk,20,0.61,51,None,500,500,50,50,1000,950,29,Same length,9,11,Ring finger,July,Summer,No,No,Pizza/Pasta,Soft drink (caffeited),History,7,12,4,Yes - broadband connection,Internet chat or instant messaging,0,1,10,0,5,2,0,39,1,0,39,39,0,5,A lot,Graduate degree,Other,Freeze time,Rich,Other,Health
USA,OR,2019,10,Male,14,Right-Handed,182,25,175,1,Car,5,0.64,65,Basketball,,,,,,,25,Same length,90,95,Ring finger,Setember,Winter,Yes,No,Other,Soft drink (caffeited),Physical education,6,7,6,Yes - broadband connection,Internet chat or instant messaging,100,50,15,0.25,1,30,20,15,25,25,50,20,0,5,Some,Graduate degree,Ra/Hi ho,Freeze time,Rich,Sorts erson,Health
USA,OR,2019,10,Male,15,Right-Handed,,27,179,1,Car,25,0.75,49,Other,1000,700,500,500,200,1000,27,Same length,,,,December,Winter,Yes,No,Meat,Water,Music,7,8,5,Yes - broadband connection,Text messaging,500,500,20,0,10,2,12,40,4,15,15,8,0,5,A lot,Graduate degree,Other,Fly,Hay,Musician or singer,Religious
USA,OR,2019,10,Female,15,Right-Handed,71,25,163,2,Car,15,0.737,56,Dancing,400,500,600,700,800,900,26,Left foot,91,90,Index finger,Setember,Fall,No,No,No favorite,Water,Languages,8,8,4,Yes - other,Myspace Facebook other social networking sites or blog,3,3,15,5,5,0,0,0,6,6,6,5,0,5,Some,Some college,Country,Telepathy,Rich,Friend,Education/Youth develoment
USA,OR,2019,10,Female,15,Right-Handed,164,26,164,2,Car,20,0.117,47,Swimming,1000,1000,300,300,700,1000,26,Same length,78,70,Ring finger,March,Summer,Yes,No,Breads/Sandwiches,Milk,Physical education,8,10,5,Yes - other,Text messaging,1000,1000,10,4,5,10,10,1,0,30,30,4,0,5,A lot,Some college,Ra/Hi ho,Invisibility,Rich,Teacher,Environment
USA,OR,2019,10,Female,15,Right-Handed,74,35,177.5,2,Car,14,0.698,62,Basketball,700,550,890,900,200,1000,35,Same length,10,10,Same length,June,Summer,No,,Rice/Noodle dishes,Water,Physical education,6,8,3,Yes - other,In person,15,10,5,1,7,15,5,0,20,5,3,3,0,5,Some,Graduate degree,Rhythm and blues (R&B),Invisibility,Hay,Relative,Health
USA,OR,2019,10,Female,15,Right-Handed,74,35,177.5,2,Car,14,0.698,62,Basketball,700,550,890,900,200,1000,35,Same length,10,10,Same length,June,Summer,No,,Rice/Noodle dishes,Water,Physical education,6,8,3,Yes - other,In person,15,10,5,1,7,15,5,0,20,5,3,3,0,5,Some,Graduate degree,Rhythm and blues (R&B),Invisibility,Hay,Relative,Health
USA,OR,2019,10,Male,16,Right-Handed,163,23.5,162.5,2,Car,18,0.392,48,Dancing,987,987,987,986,500,765,23.4,Right foot,85,89,Ring finger,May,Fall,No,Yes,Rice/Noodle dishes,Coffee,Art,4,6,11,Yes - broadband connection,Text messaging,30,32,12,1,20,5,2,1,0,6,6,2,0,5,Some,Some college,Other,Invisibility,Hay,Musician or singer,Arts culture sorts
USA,OR,2019,8,Female,13,Ambidextrous,161,24,161,2,Bus,30,0.449,41,Other,50,60,990,80,10000,10000,23,Right foot,8,8,,December,Winter,Yes,No,Fruit,Milk,Physical education,7,6,4,Yes - other,Text messaging,84,84,6,1,8,9,14,0,4,5,10,0,0,5,A lot,Graduate degree,Other,Invisibility,Hay,Religious figure,Religious
USA,OR,2019,10,Female,15,Right-Handed,160,17,158,2,Walk,15,0.813,44,Dancing,1000,1000,1000,1000,10,10,17,Right foot,68,66,Index finger,May,Fall,Yes,Yes,Fruit,Water,English,6,5,1,Yes - other,Myspace Facebook other social networking sites or blog,1,10,18,4,15,3,18,0,3,1,5,0,0,5,Some,Graduate degree,Po,Fly,Hay,Other,Environment
USA,OR,2019,10,Male,17,Right-Handed,182,29,,1,Car,15,0.791,36,Baseball/Softball,500,800,800,800,600,950,30,Left foot,9.5,8.5,Index finger,August,Summer,Yes,No,No favorite,Water,Mathematics and statistics,5,10,6,Yes - broadband connection,Myspace Facebook other social networking sites or blog,5,4,10,1,14,20,0,10,20,0,20,5,25,4,Very little,Graduate degree,Po,Freeze time,Rich,Relative,Wildlife animals
USA,OR,2019,10,Male,17,Right-Handed,177,10,177,1,Car,20,0.3,35,Athletics,700,700,100,700,500,600,10,Same length,5,5,Same length,June,Fall,Yes,No,Meat,Water,History,7,9,5,Yes - broadband connection,In person,16,30,5,1,15,7,5,10,0,1,3,2,12,4,A lot,Graduate degree,Rock and roll,Telepathy,Hay,Teacher,Intertiol aid
USA,OR,2019,10,Male,18,Left-Handed,177,26,177,1,Car,20,0.699,39,Soccer,600,500,650,550,200,900,26,Same length,96,105,Ring finger,August,Summer,No,No,Seafood,Juice,Mathematics and statistics,7,9,5,Yes - broadband connection,Text messaging,10,10,10,1,10,2,12,1,3,2,24,1,4,4,A lot,Graduate degree,Ra/Hi ho,Telepathy,Hay,Relative,Environment
USA,OR,2019,10,Female,15,Right-Handed,172,24,171,1,Car,10,0.583,45,Baseball/Softball,900,900,800,800,700,600,24,Same length,14,16,Ring finger,May,Fall,No,No,Rice/Noodle dishes,Water,Physical education,9,10,4,Yes - other,Text messaging,15,10,6,1,2,7,10,1,3,2,2,2,2,4,Some,Graduate degree,Rock and roll,Freeze time,Healthy,Relative,Wildlife animals
USA,OR,2019,10,Female,15,Right-Handed,172,24,171,1,Car,10,0.583,45,Baseball/Softball,900,900,800,800,700,600,24,Same length,14,16,Ring finger,May,Fall,No,No,Rice/Noodle dishes,Water,Physical education,9,10,4,Yes - other,Text messaging,15,10,6,1,2,7,10,1,3,2,2,2,2,4,Some,Graduate degree,Rock and roll,Freeze time,Healthy,Relative,Wildlife animals
USA,OR,2019,10,Female,15,Right-Handed,151,21,157,1,Walk,20,0.737,42,Running/Jogging,45,1000,100,500,200,650,21,Same length,8.5,9,Ring finger,December,Fall,No,No,Meat,Water,Physical education,8.5,6.5,3,Yes - broadband connection,Myspace Facebook other social networking sites or blog,50,60,8,1,2,7,7,1,8,3,7,3,1,4,Some,Some college,Other,Telepathy,Healthy,Relative,Wildlife animals
USA,OR,2019,9,Male,14,Right-Handed,180,27,180,3,Bus,15,0.345,45,Football (American),500,1000,500,1000,0,1000,27,Same length,85,70,Index finger,March,Sring,Yes,No,Seafood,Water,Mathematics and statistics,9,4,3,Yes - other,In person,100,100,13,1,100,150,15,5,9,150,150,15,0,4,A lot,Graduate degree,Heavy metal,Freeze time,Hay,Relative,Environment
USA,OR,2019,10,Female,15,Right-Handed,69,26.5,169,1,Car,13,0.764,64,Basketball,700,700,800,500,800,900,25.5,Right foot,9,9.5,Ring finger,June,Summer,No,No,Rice/Noodle dishes,Juice,Physical education,7,9,6,Yes - broadband connection,In person,60,60,35,20,6,14,7,1,21,20,2,14,0,4,Very little,Graduate degree,Ra/Hi ho,Telepathy,Hay,Friend,Environment
USA,OR,2019,8,Female,13,Right-Handed,172,28,173,4,Car,50,0.61,35,Swimming,999,999,700,565,800,990,28.5,Left foot,7.4,8.9,Ring finger,March,Winter,Yes,No,Desserts,Water,Mathematics and statistics,6.5,12,3,Yes - broadband connection,In person,25,30,7,4,4,4,5,2,4.5,2,2,11,0,4,Some,Graduate degree,Punk rock,Telepathy,Hay,Other,Wildlife animals
USA,OR,2019,10,Male,15,Right-Handed,163,24,168,1,Bus,30,0.693,47,Soccer,900,850,700,700,750,900,24,Same length,90,105,Ring finger,July,Summer,No,No,Rice/Noodle dishes,Water,Comuters and technology,7,8,3,Yes - broadband connection,Text messaging,20,30,4,7,6,5,10,5,4,3,7,10,0,4,Some,High school,Heavy metal,Invisibility,Hay,Relative,Wildlife animals
USA,OR,2019,10,Female,15,Left-Handed,162,23,166,1,Bus,28,0.43,42,Athletics,100,1000,982,1000,0,450,24,Left foot,90,95,Ring finger,December,Fall,No,No,Salads,Water,Science,7,9,7,Yes - other,Text messaging,8,8,4,2,6,14,8,0,8,12,14,4,0,4,Some,Graduate degree,Po,Telepathy,Healthy,Musician or singer,Education/Youth develoment
USA,OR,2019,10,Female,16,Right-Handed,154.5,23.5,163,1,Car,10,0.715,52,Dancing,500,950,150,700,50,900,23,Right foot,82,80,Index finger,March,Sring,No,No,Rice/Noodle dishes,Water,Languages,6,9,4,Yes - broadband connection,In person,1,2,0.3,0.25,3,10,1,4.5,0,0.2,21,2,0,4,Some,High school,Po,Telepathy,Hay,Relative,Other
USA,OR,2019,10,Female,16,Right-Handed,161,26,156,1,Car,10,0.761,76,Walking/Hiking,1000,1000,900,1000,300,500,27,Left foot,81,71,Index finger,Setember,Fall,Yes,No,Sous,Water,History,8,10,5,Yes - other,Cell phone,40,1,3,1,2,4,6,0,8,10,6,1,0,4,A lot,Graduate degree,Country,Telepathy,Hay,Other,Wildlife animals
USA,OR,2019,10,Female,16,Right-Handed,161,26,156,1,Car,10,0.761,76,Walking/Hiking,1000,1000,900,1000,300,500,27,Left foot,81,71,Index finger,Setember,Fall,Yes,No,Sous,Water,History,8,10,5,Yes - other,Cell phone,40,1,3,1,2,4,6,0,8,10,6,1,0,4,A lot,Graduate degree,Country,Telepathy,Hay,Other,Wildlife animals
USA,OR,2019,10,Female,15,Right-Handed,71,25,171,1,Car,10,0.751,60,Skateboarding/Rollerblading,1000,999,650,870,200,100,24,Right foot,90,100,Ring finger,May,Fall,No,No,Rice/Noodle dishes,Soft drink (caffeited),Science,5.5,3,4,Yes - other,Myspace Facebook other social networking sites or blog,100,100,20,5,6,15,2,0,25,25,0,0,0,4,Some,High school,Country,Telepathy,Hay,Relative,Intertiol aid
USA,OR,2019,10,Female,17,Right-Handed,174,30,169,2,Car,10,0.426,32,Gymstics,300,200,500,500,700,1000,30,Same length,85,85,Same length,March,Fall,No,No,Fruit,Water,Music,6,12,3,Yes - broadband connection,Myspace Facebook other social networking sites or blog,300,300,40,10,1,0,20,5,168,168,168,40,100,3,Some,High school,Po,Fly,Rich,Doctor or nurse,Education/Youth develoment
USA,OR,2019,10,Female,17,Right-Handed,170,25,178,1,Car,12,0.501,55,Basketball,700,900,800,600,500,300,25,Same length,90,100,Ring finger,May,Sring,Yes,No,Seafood,Water,Science,8,9,5,Yes - broadband connection,In person,3,4,2,3,6,1,15,0,3,1,8,16,15,3,Very little,Graduate degree,Country,Telepathy,Hay,Relative,Intertiol aid
USA,OR,2019,10,Male,17,Right-Handed,175,25.7,165,2,Walk,10,0.449,35,Skateboarding/Rollerblading,950,800,750,800,500,650,25.7,Same length,110,100,Index finger,Setember,Winter,Yes,No,Seafood,Water,Art,7,10,5,Yes - other,Text messaging,30,35,6,7,12,6,5,7,1,3,6,5,15,3,Some,Graduate degree,Punk rock,Freeze time,Hay,Musician or singer,Arts culture sorts
USA,OR,2019,10,Female,17,Right-Handed,158,23,159,1,Car,10,0.71,37,Baseball/Softball,500,800,700,400,20,100,23,Same length,77,76,Index finger,July,Summer,No,No,Breads/Sandwiches,Soft drink (caffeited),Physical education,7,12,6,Yes - other,Myspace Facebook other social networking sites or blog,100,120,10,5,7,9,2,1,9,10,8,8,10,3,A lot,Some college,Country,Telepathy,Rich,Relative,Wildlife animals
USA,OR,2019,10,Male,17,Right-Handed,170,26,173,1,Car,15,0.157,52,Baseball/Softball,500,800,300,500,800,900,26,Same length,105,111,Ring finger,March,Winter,Yes,No,Meat,Water,Mathematics and statistics,5,10,4,Yes - broadband connection,Cell phone,10,10,2,1,7,3,12,1,3,1,4,6,8,3,A lot,Graduate degree,Other,Freeze time,Hay,Relative,Religious
USA,OR,2019,10,Female,16,Ambidextrous,169,23,170,3,Car,18,0.633,61,Running/Jogging,700,700,700,700,400,700,23,Same length,8.5,9,Index finger,July,Summer,Yes,Yes,Rice/Noodle dishes,Water,Mathematics and statistics,3,5,2,Yes - other,In person,90,276,5,3,16,2,10,0,3,1,0,0,8,3,Some,Graduate degree,Other,Super strength,Hay,Relative,Intertiol aid
USA,OR,2019,10,Male,17,Right-Handed,180,26,177,2,Car,16,0.654,49,Baseball/Softball,600,400,200,600,700,1000,27,Left foot,24,28,Ring finger,May,Sring,Yes,No,Meat,Milk,Mathematics and statistics,7,9,3,Yes - broadband connection,Text messaging,30,40,5,5,5,6,5,4,7,7,3,5,3,3,A lot,Undergraduate degree,Ra/Hi ho,Freeze time,Rich,Business erson,Religious
USA,OR,2019,8,Male,14,Right-Handed,180,28,185,1,Bus,20,0.479,62,Martial Arts,100,90,100,90,10,20,28,Same length,90,80,Index finger,December,Summer,Yes,No,Seafood,Water,English,6,10,4,Yes - other,In person,20,294,30,1,20,20,30,0,12,20,20,10,2,3,A lot,Undergraduate degree,Rhythm and blues (R&B),Telepathy,Hay,Relative,Wildlife animals
USA,OR,2019,10,Male,17,Right-Handed,180,28,186,1,Boat,10000,0.03,24,Skateboarding/Rollerblading,300,300,300,300,800,900,28,Same length,69,420,Same length,December,Winter,No,No,Meat,Water,Physical education,5,9,2,Yes - broadband connection,Myspace Facebook other social networking sites or blog,90,100,70,1,0,1,7,10,90,50,80,1,2,3,A lot,High school,Ra/Hi ho,Fly,Hay,Musician or singer,Wildlife animals
USA,OR,2019,10,Female,17,Right-Handed,163,23.5,106,1,Car,6,0.68,44,Athletics,800,700,500,500,495,901,23.5,Same length,90,80,Index finger,May,Summer,No,No,Meat,Water,English,6,7,4,Yes - other,In person,30,30,10,4,8,4,12,0,0,5,20,6,1,3,A lot,Graduate degree,Po,Freeze time,Hay,Relative,Environment
USA,OR,2019,10,Female,17,Right-Handed,175,25,177,1,Car,1,0.437,49,Other,500,750,500,600,500,500,25,Same length,79,75,Index finger,November,Fall,Yes,No,Fruit,Water,History,8,7,6,Yes - other,In person,5,6,11,1,6,4,15,0,2,1,2,5,1,3,Some,Graduate degree,Country,Fly,Hay,Relative,Education/Youth develoment
USA,OR,2019,10,Female,15,Right-Handed,153.5,20.5,49,1,Walk,25,0.21,50,Other,1000,800,500,600,20,20,21.5,Left foot,8,7.5,Index finger,July,Fall,Yes,No,Poultry,Water,Music,7,9,2,Yes - other,In person,3,8,3,6,3,2,34,1,2,1,1,1,1,3,A lot,Graduate degree,Jazz,Telepathy,Hay,Teacher,Intertiol aid
USA,OR,2019,9,Female,15,Right-Handed,160,24.1,149,1,Bus,21,0.559,56,Basketball,840,866,200,200,1000,1000,23,Right foot,6,5,Ring finger,March,Summer,No,No,No favorite,Water,Other,8,43686,5,Yes - other,Text messaging,10,1,3,1,1,3,7,1,1,9,9,11,0,3,Some,Some college,Country,Invisibility,Rich,Other,Health
USA,OR,2019,12,Male,15,Ambidextrous,166.3,23,165,1,Car,13,0.519,45,Skateboarding/Rollerblading,749,733,818,749,390,529,23,Same length,65,65,Same length,March,Sring,No,No,Breads/Sandwiches,Water,Art,9,9,5,Yes - other,Text messaging,6,10,72,3,0,4,1,3,6,10,70,10,0,3,Some,Graduate degree,Other,Fly,Hay,Other,Wildlife animals
USA,OR,2019,9,Male,14,Right-Handed,170,26,74,1.5,Car,2,0.442,34,Bowling,0,1000,701,631,807,813,26,Same length,60,80,Ring finger,Aril,Winter,Yes,No,Meat,Water,Art,7,9,5,Yes - other,In person,40,30,22,0,4,30,0,40,0,2,14,8,0,3,A lot,Some college,Rock and roll,,Hay,Other,Religious
USA,OR,2019,10,Female,15,Right-Handed,156,22,153,2,Walk,10,0.71,47,Martial Arts,999,999,777,888,459,400,22,Same length,80,90,Ring finger,February,Fall,No,No,No favorite,Water,Art,7,6,5,Yes - other,Cell phone,1000,1000,40,20,3,2,3,1,89,2,86,6,0,3,Some,Graduate degree,Other,Freeze time,Hay,Other,Other
USA,OR,2019,11,Female,17,Right-Handed,163.5,21,68,1,Walk,2,0.42,52,Other,1000,508,513,519,0,0,22,Left foot,90,75,Index finger,Setember,Fall,No,No,No favorite,Water,Mathematics and statistics,9.5,8,4,Yes - broadband connection,In person,0,0,32,0,6,14,14,0,0,0,0,5,0,3,None,Graduate degree,Country,Fly,Hay,Teacher,Education/Youth develoment
USA,OR,2019,10,Female,16,Right-Handed,54,22,44,1,Car,8,0.232,55,Other,500,600,600,550,700,800,22,Same length,60,67,Ring finger,August,Summer,Yes,Yes,Pizza/Pasta,Water,Mathematics and statistics,6,7,4,Yes - broadband connection,Myspace Facebook other social networking sites or blog,19,17,4,8,16,1,19,8,12,1,16,4,0,3,A lot,Graduate degree,Po,Super strength,Hay,Coach or club leader,Intertiol aid
USA,OR,2019,8,Male,13,Right-Handed,184,30,184,3,Car,50,0.432,51,Basketball,1000,1000,337,1000,0,0,30,Same length,80,90,Ring finger,March,Winter,No,No,Desserts,Milk,Science,7,12,4,Yes - broadband connection,Cell phone,6,4,38,1.5,12,14,7,3,30,1,31,3,0,3,Some,Other,Rock and roll,Freeze time,Hay,Friend,Education/Youth develoment
USA,OR,2019,10,Female,17,Right-Handed,166,23,165,2,Car,10,0.784,76,Running/Jogging,1000,1000,1000,900,200,300,22,Right foot,85,80,Index finger,July,Fall,Yes,No,Pizza/Pasta,Water,English,5,10,5,Yes - other,In person,10,5,12,1,18,4,13,0,6,2,4,1,0,3,A lot,Some college,Po,Freeze time,Hay,Coach or club leader,Intertiol aid
USA,OR,2019,12,Female,17,Right-Handed,168,26,170,4,Car,6,0.453,55,Dancing,600,700,200,500,950,970,26,Same length,8.4,8.6,Ring finger,Aril,Summer,Yes,No,Breads/Sandwiches,Water,Music,7,11,4,Yes - broadband connection,Myspace Facebook other social networking sites or blog,7,9,30,1,3,0,1,4,20,8,40,0,0,3,Some,Graduate degree,Other,Super strength,Hay,Business erson,Education/Youth develoment
USA,OR,2019,10,Female,16,Right-Handed,171,23,73,1,Car,15,0.387,44,Other,800,800,200,200,300,900,24,Left foot,90,95,Ring finger,Aril,Sring,Yes,No,Desserts,Soft drink (non-caffeited),Mathematics and statistics,7,10,11,Yes - other,Text messaging,5,4,2,0,5,6,18,2,0,1,5,0,0,3,A lot,Graduate degree,Po,Telepathy,Hay,Relative,Health
USA,OR,2019,10,Female,16,Right-Handed,171,23,73,1,Car,15,0.387,44,Other,800,800,200,200,300,900,24,Left foot,90,95,Ring finger,Aril,Sring,Yes,No,Desserts,Soft drink (non-caffeited),Mathematics and statistics,7,10,11,Yes - other,Text messaging,5,4,2,0,5,6,18,2,0,1,5,0,0,3,A lot,Graduate degree,Po,Telepathy,Hay,Relative,Health
USA,OR,2019,10,Female,15,Right-Handed,158,25,155,2,Walk,4,0.698,64,Soccer,10,9,5,9,3,9,25,Same length,90,95,Ring finger,August,Fall,Yes,No,Rice/Noodle dishes,Water,Other,5,9,5,Yes - other,Text messaging,20,25,3,1,3,3,1,4,3,3,1,0,0,3,A lot,High school,Ra/Hi ho,Fly,Rich,Relative,Wildlife animals
USA,OR,2019,10,Female,17,Right-Handed,167,24,174,1,Car,10,0.717,42,Other,1000,1000,1000,1000,60,500,25,Left foot,73,74,Ring finger,October,Fall,No,No,No favorite,Tea,Music,6,8,3,Yes - other,Text messaging,10,10,28,1,40,2,30,1,1,2,1,0,0,3,A lot,Graduate degree,Jazz,Freeze time,Hay,Teacher,Arts culture sorts
USA,OR,2019,10,Male,15,Right-Handed,174,27,179,1,Car,6,0.67,54,Other,713,616,872,615,72,814,27,Same length,102,107,Index finger,Aril,Fall,No,No,Pizza/Pasta,Water,Science,7,8,3,Yes - broadband connection,Myspace Facebook other social networking sites or blog,100,140,5,1,3,18,18,20,24,1,1,0,0,3,Very little,Other,Po,Freeze time,Hay,Relative,Health
USA,OR,2019,9,Male,31,Ambidextrous,172,25,170,1,,12,0.373,35,Other,500,500,500,500,600,600,26,Left foot,88,80,Index finger,Aril,Summer,Yes,No,Vegetables,Water,Science,7,7,4,Yes - broadband connection,Text messaging,11,6,2,0,0,30,0,15,2,2,10,0,65,2,A lot,Graduate degree,Heavy metal,Freeze time,Hay,Religious figure,Religious
USA,OR,2019,10,Female,17,Right-Handed,165.1,23.8,164,2,Car,18,0.734,42,Soccer,600,700,300,200,800,900,23.5,Right foot,150,163,Ring finger,February,Summer,No,No,Pizza/Pasta,Water,Science,6,4,3,Yes - broadband connection,In person,17,25,30,0,5,3,20,0,15,5,3,2,24,2,A lot,Graduate degree,Other,Freeze time,Hay,Sorts erson,Environment
USA,OR,2019,10,Male,18,Right-Handed,193,24,189,2,Car,11,,,Bowling,1000,578,977,687,246,458,23,Right foot,8,9.5,Ring finger,Setember,Winter,No,Yes,Vegetables,Water,English,9,10,4,Yes - broadband connection,Internet chat or instant messaging,9,14,4,1,7,2,9,0,2,1,1,4,22,2,Some,Graduate degree,Country,Telepathy,Hay,Coach or club leader,Environment
USA,OR,2019,10,Female,16,Right-Handed,167,23,169,1,Car,5,0.674,51,Other,400,500,600,300,200,500,23,,80,75,Ring finger,December,Fall,No,No,No favorite,Water,Other,5,5,13,Yes - other,Text messaging,200,200,4,9,2,10,6,0,7,13,3,1,16,2,Some,Less than high school,Other,Telepathy,Hay,Relative,Wildlife animals
USA,OR,2019,10,Female,17,Right-Handed,167,23,170,1,Car,15,0.763,62,Gymstics,500,700,600,500,300,300,23,Same length,8,8,Same length,August,Fall,No,No,Meat,Water,Physical education,6,9,4,Yes - broadband connection,Myspace Facebook other social networking sites or blog,6,10,7,1,10,5,2,1,3,3,3,0,15,2,A lot,Graduate degree,Ra/Hi ho,Freeze time,Hay,Other,Health
USA,OR,2019,10,Male,16,Ambidextrous,175,27,176,1,Car,10,0.61,46,Basketball,800,600,300,500,450,600,27,Same length,91,95,Ring finger,January,Winter,Yes,No,Meat,Soft drink (non-caffeited),Physical education,5,10,3,Yes - broadband connection,Myspace Facebook other social networking sites or blog,428,552,10,7,5,18,6,40,20,15,40,8,14,2,Some,Graduate degree,Country,Invisibility,Hay,Other,Environment
USA,OR,2019,10,Female,18,Right-Handed,165,24,172,1,Car,7,0.69,0.45,Other,1000,1000,70,450,90,1000,23,Right foot,80,75,Index finger,October,Fall,Yes,No,Fruit,Coffee,History,6,8,3,Yes - other,Myspace Facebook other social networking sites or blog,50,60,8,25,2,6,0,0,3,1,24,4,8,2,A lot,Graduate degree,Country,Invisibility,Hay,Musician or singer,Environment
USA,OR,2019,10,Female,17,Left-Handed,164,24,165,1,Car,8,0.491,41,Soccer,1000,1000,800,200,500,1000,25,Left foot,100,100,Same length,December,Winter,No,No,Fruit,Water,English,5,8,3,Yes - other,Myspace Facebook other social networking sites or blog,5,10,12,1,3,12,12,2,4,1,10,4,8,2,Very little,Graduate degree,Rhythm and blues (R&B),Invisibility,Hay,Relative,Environment
USA,OR,2019,10,Female,17,Left-Handed,164,24,165,1,Car,8,0.491,41,Soccer,1000,1000,800,200,500,1000,25,Left foot,100,100,Same length,December,Winter,No,No,Fruit,Water,English,5,8,3,Yes - other,Myspace Facebook other social networking sites or blog,5,10,12,1,3,12,12,2,4,1,10,4,8,2,,,,,,,
USA,OR,2019,10,Male,15,Right-Handed,172,26,171,1,Bus,30,0.58,68,Running/Jogging,900,900,700,500,800,800,25,Right foot,95,98,Ring finger,March,Fall,No,No,Meat,Water,Other,7,9,4,Yes - broadband connection,Text messaging,180,190,7,2,0.5,10,3,9,20,24,12,1,8,2,,,,,,,
USA,OR,2019,10,Male,15,Right-Handed,172,26,171,1,Bus,30,0.58,68,Running/Jogging,900,900,700,500,800,800,25,Right foot,95,98,Ring finger,March,Fall,No,No,Meat,Water,Other,7,9,4,Yes - broadband connection,Text messaging,180,190,7,2,0.5,10,3,9,20,24,12,1,8,2,,,,,,,
USA,OR,2019,10,Male,15,Right-Handed,172,26,171,1,Bus,30,0.58,68,Running/Jogging,900,900,700,500,800,800,25,Right foot,95,98,Ring finger,March,Fall,No,No,Meat,Water,Other,7,9,4,Yes - broadband connection,Text messaging,180,190,7,2,0.5,10,3,9,20,24,12,1,8,2,,,,,,,
USA,OR,2019,10,Male,16,Right-Handed,171,26,168,1,Car,5,6.4,44,Running/Jogging,877,799,666,789,1000,1000,26,Same length,7,8,Index finger,January,Winter,Yes,No,Pizza/Pasta,Water,Science,6,9,4,No internet connection,Internet chat or instant messaging,20,20,14,0.4,10,1,14,10,10,10,30,10,6,2,A lot,Graduate degree,Rock and roll,Freeze time,Rich,Friend,Education/Youth develoment
USA,OR,2019,10,Female,17,Right-Handed,167,23,172,1,Walk,12,0.674,54,Athletics,999,999,999,999,8,8,23,Same length,94,97,Same length,December,Fall,Yes,No,Vegetables,Water,Music,7,8,13,Yes - broadband connection,Cell phone,150,130,1,1,2,2,1,0,2,1,1,1,5,2,Some,Graduate degree,Country,Telepathy,Hay,Teacher,Environment
USA,OR,2019,10,Male,17,Right-Handed,178,26,189,1,Car,7,0.673,62,Athletics,500,500,500,500,1000,1000,26,Same length,100,120,Ring finger,August,Summer,No,No,No favorite,Sorts drink,Physical education,6,10,2,Yes - broadband connection,In person,100,100,20,8,1,10,16,2,10,1,6,0,5,2,Some,Graduate degree,Ra/Hi ho,Freeze time,Famous,Relative,Health
USA,OR,2019,10,Female,17,Right-Handed,65,21,160,1,Car,10,0.65,34,Baseball/Softball,800,700,500,600,200,900,22,Left foot,90,80,Index finger,May,Summer,No,No,Desserts,Water,Mathematics and statistics,7,9,4,Yes - broadband connection,Myspace Facebook other social networking sites or blog,45,45,8,0,10,8,10,0,12,10,12,7,4,2,None,Graduate degree,Country,Telepathy,Hay,Relative,Health
USA,OR,2019,10,Female,17,Right-Handed,172,23,171,1,Car,3,0.64,40,Walking/Hiking,950,750,900,750,100,900,23,Same length,92,95,Ring finger,July,Fall,No,No,Fruit,Water,Other,6,9,5,Yes - broadband connection,Myspace Facebook other social networking sites or blog,50,53,5,1,7,5,2,0,5,0.5,3,4,4,2,A lot,Graduate degree,Country,Telepathy,Hay,Religious figure,Wildlife animals
USA,OR,2019,8,Male,13,Left-Handed,168,26,152,1,Bus,65,0.338,45,Soccer,631,299,684,695,424,1000,27,Left foot,94,80,Index finger,August,Winter,Yes,No,Seafood,Water,History,5,5,5,Yes - broadband connection,Text messaging,557,738,6,2,3,4,8,4.5,4,4,2,2,4,2,Some,Graduate degree,Ra/Hi ho,Telepathy,Hay,Relative,Other
USA,OR,2019,10,Female,16,Right-Handed,157,29,152,1,Car,10,0.179,46,Gymstics,0,0,0,0,100,200,28,Right foot,90,90,Same length,February,Sring,Yes,No,Seafood,Energy drink,English,6,10,4,Yes - broadband connection,Cell phone,10,33,7,1,0,0,0,0,7,3,2,0,4,2,A lot,High school,Ra/Hi ho,Fly,Hay,Other,Wildlife animals
USA,OR,2019,10,Female,16,Right-Handed,170,24,168,2,Car,40,0.462,45,Other,1000,800,700,800,600,800,24,Same length,85,86,Ring finger,January,Fall,No,Yes,Rice/Noodle dishes,Tea,History,7,7,4,Yes - broadband connection,Other,10,12,5,0,8,9,4,0,4,1,6,4,3,2,A lot,Graduate degree,Other,Freeze time,Hay,Relative,Intertiol aid
USA,OR,2019,10,Female,16,Right-Handed,165,27,166,2,Car,20,0.668,50,Walking/Hiking,100,100,90,75,50,50,27,Same length,8,7,Ring finger,Setember,Summer,No,No,Rice/Noodle dishes,Water,History,7,10,2,Yes - broadband connection,Text messaging,20,25,8,1,4,6,2,4,10,10,2,7,2,2,A lot,Some college,Rhythm and blues (R&B),Telepathy,Healthy,Actor,Environment
USA,OR,2019,10,Female,15,Ambidextrous,172,26.5,168,1,Car,5,0.224,55,Other,10000,500,200,200,100,100,26,Right foot,70,70,Same length,February,Sring,No,No,Fruit,Coffee,Other,7,8,4,Yes - broadband connection,Myspace Facebook other social networking sites or blog,7,9,4,1,1,5,4,0,7,2,2,4,2,2,A lot,Some college,Ra/Hi ho,Telepathy,Hay,Business erson,Intertiol aid
USA,OR,2019,10,Female,15,Left-Handed,85,26,83,1,Car,12,0.769,53,Running/Jogging,30,100,300,1000,600,1000,27,Left foot,92,95,Ring finger,Setember,Fall,No,No,Seafood,Water,Social studies,8,11,6,Yes - other,Myspace Facebook other social networking sites or blog,78,260,5,20,7,0,0,0,9,9,7,1,2,2,A lot,Other,Ra/Hi ho,Freeze time,Hay,Friend,Environment
USA,OR,2019,10,Female,15,Left-Handed,85,26,83,1,Car,12,0.769,53,Running/Jogging,30,100,300,1000,600,1000,27,Left foot,92,95,Ring finger,Setember,Fall,No,No,Seafood,Water,Social studies,8,11,6,Yes - other,Myspace Facebook other social networking sites or blog,78,260,5,20,7,0,0,0,9,9,7,1,2,2,A lot,Other,Ra/Hi ho,Freeze time,Hay,Friend,Environment
USA,OR,2019,8,Female,14,Right-Handed,165,23,165,1,Bus,15,0.51,47,Basketball,600,800,500,400,800,900,22,Right foot,8,7.5,Index finger,March,Sring,Yes,No,Rice/Noodle dishes,Water,English,8,11,4,Yes - dial-u connection,Myspace Facebook other social networking sites or blog,35,30,45,1,6,1,9,3,5,2,3,4,1,2,A lot,Less than high school,Ra/Hi ho,Invisibility,Hay,Sorts erson,Environment
USA,OR,2019,8,,,,,,,,,,,,,,,,,,,,,,,,,,,,,,,,,,,,,,48.5,0,0,12,6,0,8,0.5,34,0,1,2,Very little,Graduate degree,Rock and roll,Freeze time,Hay,Friend,Other
USA,OR,2019,10,Female,15,Right-Handed,160,19,158,2,Car,10,0.291,44,Other,300,500,700,800,300,700,19,Same length,90,95,Ring finger,October,Fall,No,No,Pizza/Pasta,Water,Music,7,7,6,Yes - other,Text messaging,300,300,480,0,5,400,12,0,13,480,300,20,0,2,A lot,Some college,Other,Fly,Hay,Other,Education/Youth develoment
USA,OR,2019,10,Male,15,Right-Handed,171,24,167,2,Bus,20,0.677,30,Running/Jogging,500,500,250,250,100,650,23,Right foot,80,80,Same length,Aril,Sring,No,No,Meat,Water,Physical education,8,6,3,Yes - other,Cell phone,100,90,21,7,2,7,8,7,42,6,10,7,0,2,Some,Graduate degree,Ra/Hi ho,Freeze time,Famous,Other,Wildlife animals
USA,OR,2019,9,Male,15,Right-Handed,170.18,33.02,170,1,Car,30,0.455,35,Athletics,500,500,500,500,200,150,33,Same length,70,7,Same length,October,Sring,Yes,No,No favorite,Soft drink (caffeited),Comuters and technology,6,10,4,Yes - broadband connection,Cell phone,56,112,12,5,2,6,4,5,2,4,8,5,0,2,Some,Graduate degree,Other,Freeze time,Hay,Relative,Wildlife animals
USA,OR,2019,9,Male,15,Right-Handed,175,30,172,1,Walk,7,0.028,54,Football (American),400,500,200,800,10,1000,29,Right foot,80,90,Ring finger,August,Sring,No,No,Other,Soft drink (caffeited),,8,8,3,Yes - dial-u connection,Cell phone,200,200,5,5,0,2,1,4,5,5,5,5,0,2,Some,High school,Country,Super strength,Rich,Other,Wildlife animals
USA,OR,2019,10,Female,16,Right-Handed,183,22,177,1,Car,10,0.71,47,Soccer,5,5,5,5,2,3,22,Same length,8,7.5,Index finger,July,Winter,Yes,No,Sous,Juice,History,6,8,5,Yes - broadband connection,In person,5,5,25,1,20,3,14,1,7,2,2,5,0,2,A lot,Graduate degree,Ra/Hi ho,Fly,Famous,Religious figure,Environment
USA,OR,2019,10,Female,16,Left-Handed,172,23,,1,Car,25,0.134,68,Skateboarding/Rollerblading,0,1000,500,700,300,800,23.2,Left foot,80,90,Ring finger,July,Summer,No,No,No favorite,Juice,Other,4,2,5,Yes - broadband connection,Myspace Facebook other social networking sites or blog,3,5,100,4,5,40,6,0,60,3,80,4,0,2,A lot,Some college,Ra/Hi ho,Fly,Rich,Relative,Intertiol aid
USA,OR,2019,10,Female,15,Right-Handed,174,26.7,171,1,Car,12,0.672,64,Other,1000,70,80,50,50,70,27,Left foot,90,97,Ring finger,June,Fall,Yes,No,Rice/Noodle dishes,Juice,Music,7,12,,Yes - other,Myspace Facebook other social networking sites or blog,70,60,3,0,5,3,12,2,3,20,25,4,0,2,Some,Graduate degree,Po,Telepathy,Hay,Musician or singer,Religious
USA,OR,2019,10,Female,17,Right-Handed,162,25,58,1,Car,15,0.429,48,Soccer,1000,1000,1000,1000,0,500,24,Right foot,82,90,Ring finger,March,Winter,No,No,Seafood,Water,Languages,7,11,4,Yes - other,In person,0,0,1,1,1,2,5,4,1,4,5,3,0,2,Some,Some college,Rock and roll,Freeze time,Hay,Actor,Wildlife animals
USA,OR,2019,9,Male,15,Right-Handed,71,34,65,1,Car,20,0.443,41,Skateboarding/Rollerblading,369,34,406,305,70,492,34,Same length,80,70,Index finger,December,Summer,No,Yes,Pizza/Pasta,Juice,History,4,8,4,Yes - other,In person,0,0,7,0,1,2,1,42,0,0,3,3,0,2,Very little,Other,Heavy metal,Freeze time,Hay,Musician or singer,Health
USA,OR,2019,10,Female,16,Right-Handed,153,21,153,2,Car,15,0.741,45,Skateboarding/Rollerblading,900,1000,800,600,100,100,21,Same length,85,91,Ring finger,November,Winter,No,No,Seafood,Energy drink,English,8,8,4,Yes - other,Cell phone,30,50,3,2,2,1,0,3,3,4,2,3,0,2,Some,Less than high school,Ra/Hi ho,Invisibility,Hay,Relative,Other
USA,OR,2019,10,Female,16,Right-Handed,168,24,168,1,Car,15,0.73,55,Swimming,750,750,700,875,300,875,23,Right foot,87,90,Ring finger,December,Summer,Yes,No,Pizza/Pasta,Tea,History,7,5,6,Yes - broadband connection,Myspace Facebook other social networking sites or blog,100,102,10,2,3,2,1,0,12,4,4,2,0,2,Some,Graduate degree,Other,Telepathy,Hay,Friend,Environment
USA,OR,2019,10,Female,15,Right-Handed,166,23,164,1,Car,15,0.706,50,Soccer,1000,700,850,975,275,875,23,Same length,9,10,Ring finger,Setember,Summer,No,No,Meat,Water,Physical education,7,9,5,Yes - other,Text messaging,50,60,10,2,2,4,10,2,3,1,3,2,0,2,Some,Graduate degree,Country,Telepathy,Hay,Friend,Environment
USA,OR,2019,8,Female,13,Right-Handed,157.5,23,153,2,Car,40,0.42,44,Hockey (Ice),900,700,500,980,420,990,24,Left foot,70,70,Same length,November,Fall,Yes,No,Fruit,Water,Physical education,7.5,8,5,Yes - other,Internet chat or instant messaging,100,150,50,1,2,3,10,5,10,15,13,1,0,2,A lot,Graduate degree,Ra/Hi ho,Super strength,Healthy,Sorts erson,Health
USA,OR,2019,10,Female,17,Right-Handed,163.5,23,172.5,1,Car,7,0.742,40,Tennis,200,500,300,500,500,800,24,Left foot,90,93,Ring finger,June,Fall,No,No,Meat,Water,History,7,7,4,Yes - broadband connection,In person,50,45,5,1,3,4,3,0,1,2,2,1,0,2,Some,Graduate degree,Country,Super strength,Hay,Relative,Religious
USA,OR,2019,10,Male,15,Right-Handed,181,26,182,1,Walk,15,0.7,82,Running/Jogging,500,600,400,700,20,20,26,Same length,80,90,Ring finger,Aril,Sring,Yes,No,Meat,Water,Mathematics and statistics,6,9,5,Yes - broadband connection,In person,0,4,1,0,1.5,2,0.5,1,0,0.2,2,1,0,2,Some,Other,Rock and roll,Telepathy,Hay,Relative,Wildlife animals
USA,OR,2019,10,Female,17,Right-Handed,168,22,139,2,Car,15,0.677,60.1,Walking/Hiking,950,900,800,700,10,10,22,Same length,80,90,Ring finger,May,Winter,Yes,No,Meat,Water,Music,7,9,8,Yes - broadband connection,Text messaging,8,8,5,1,6,20,2,0,1,1,30,0,0,2,A lot,Undergraduate degree,Other,Fly,Hay,Teacher,Environment
USA,OR,2019,10,Female,16,Right-Handed,161,23,167,2,Bus,35,0.059,46,Swimming,1000,800,700,700,1000,1000,23,Same length,9,9.5,Ring finger,January,Fall,No,No,Pizza/Pasta,Water,Languages,5,9,5,Yes - broadband connection,In person,1,1,,0,2,5,15,10,15,3,15,0,0,2,Some,Graduate degree,Po,Invisibility,Hay,Musician or singer,Environment
USA,OR,2019,10,Female,16,Right-Handed,166,24,163,1,Car,4,0.7,65,Athletics,700,900,500,600,400,700,23,Right foot,7,6,Index finger,,Summer,No,No,Pizza/Pasta,Water,Physical education,6,9,3,Yes - broadband connection,In person,5,5,25,15,10,25,10,0,10,2,25,8,29,1,Some,Graduate degree,Country,Freeze time,Hay,Relative,Health
USA,OR,2019,10,Male,17,Right-Handed,175,25,172,2,Car,7,0.216,39,Baseball/Softball,500,500,750,500,750,750,25,Same length,99,105,Ring finger,January,Summer,No,No,Rice/Noodle dishes,Juice,Mathematics and statistics,8,8,3,Yes - broadband connection,Text messaging,50,50,15,1,1,5,15,15,5,5,10,10,20,1,Very little,Graduate degree,Ra/Hi ho,Invisibility,Hay,Relative,Arts culture sorts
USA,OR,2019,10,Male,17,Right-Handed,,25,172,2,Car,7,0.231,39,Baseball/Softball,500,500,750,500,750,999,25,Same length,98,,Ring finger,January,Summer,No,No,Rice/Noodle dishes,Juice,Mathematics and statistics,8,8,3,Yes - broadband connection,Text messaging,50,50,15,1,1,4,4,15,5,5,10,10,20,1,Very little,Graduate degree,Ra/Hi ho,Invisibility,Hay,Relative,Arts culture sorts
USA,OR,2019,10,Female,17,Left-Handed,158,22,153,1,Walk,5,0.7,45,Other,400,300,800,700,100,200,22,Same length,85,80,Same length,January,Fall,Yes,No,Salads,Water,English,6,9,4,Yes - broadband connection,Text messaging,20,40,10,0.5,6,2,2,0,16,3,24,3,17,1,A lot,Some college,Country,Telepathy,Hay,Relative,Health
USA,OR,2019,10,Female,18,Right-Handed,75,26,169,1,Car,5,0.657,38,Soccer,800,200,900,500,100,600,25,Right foot,5,5.5,Ring finger,July,Summer,Yes,No,Seafood,Juice,Languages,6.5,9.5,6,Yes - broadband connection,Myspace Facebook other social networking sites or blog,100,150,10,4,2,2,4,0,9,9,10,5,15,1,Some,Graduate degree,Ra/Hi ho,Invisibility,Rich,Friend,Education/Youth develoment
USA,OR,2019,10,Female,17,Right-Handed,156,22,155,2,Car,10,0.718,46,Other,900,1000,500,500,50,50,22,Same length,7,7,Same length,March,Fall,Yes,No,Poultry,Water,Science,8,12,4,Yes - other,Text messaging,5,8,3,1,1,1,2,1,3,1,0,5,12,1,A lot,Graduate degree,Other,Fly,Hay,Musician or singer,Wildlife animals
USA,OR,2019,10,Female,17,Right-Handed,195,22,160,1,Car,9,0.869,51,Soccer,900,700,600,600,600,800,22,Same length,,60,Same length,Setember,Summer,No,No,Desserts,Water,History,8,8,2,Yes - broadband connection,Myspace Facebook other social networking sites or blog,18,25,8,2,20,6,14,0,12,7,2,4,7,1,A lot,Graduate degree,Other,Fly,Hay,Politician,Environment
USA,OR,2019,10,Male,17,Right-Handed,187,30,197,2,Car,10,0.097,72,Basketball,700,700,700,700,800,800,30,Same length,106,110,Ring finger,Setember,Winter,Yes,No,Meat,Water,Physical education,8,10,3,Yes - broadband connection,Text messaging,6,6,3,0,1,1,3,0,1,0,0,0,3,1,Some,Some college,Country,Telepathy,Hay,Relative,Other
USA,OR,2019,10,Female,17,Right-Handed,166,24,166,1,Car,12,0.725,60,Swimming,800,700,500,900,300,500,23,Right foot,91,95,Ring finger,October,Sring,Yes,No,Fruit,Water,Music,6,9,3,Yes - other,Text messaging,5,4,5,8,1,1,0,2,9,3,5,4,2,1,Some,Some college,Po,Telepathy,Hay,Other,Religious
USA,OR,2019,10,Female,15,Right-Handed,168,24.5,168,2,Car,10,0.799,32,Swimming,500,550,400,600,250,300,24.5,Same length,9.2,9.5,Ring finger,August,Fall,Yes,No,Pizza/Pasta,Water,Music,7,9,5,Yes - broadband connection,Text messaging,15,65,25,2,5,5,0,10,5,20,20,5,1,1,Some,Graduate degree,Punk rock,Freeze time,Hay,Musician or singer,Arts culture sorts
USA,OR,2019,10,Female,17,Right-Handed,164,25,169,2,Car,15,0.76,52,Athletics,1000,1000,800,600,500,1000,25,Same length,8.5,9,Ring finger,February,Summer,Yes,No,Fruit,Tea,English,4.5,6,5,Yes - other,In person,200,200,12,3,1,3,2,0,3,18,18,4,1,1,A lot,Graduate degree,Po,Freeze time,Hay,,
USA,OR,2019,10,Female,15,Left-Handed,155,20,154,2,Car,5,0.249,38,Dancing,950,775,685,695,500,750,20,Same length,87,90,Ring finger,January,Fall,No,No,Fruit,Water,Music,5,6,6,Yes - broadband connection,Text messaging,150,125,1,1,15,7,5,1,2,25,50,5,0,1,Some,Graduate degree,Po,Telepathy,Hay,Religious figure,Health
USA,OR,2019,8,Female,14,Ambidextrous,157,24,165,1,Car,4,0.727,67,Skateboarding/Rollerblading,300,200,800,100,900,1000,24,Same length,10,10,Same length,Aril,Winter,No,No,Desserts,Water,Art,5,2,4,Yes - other,Myspace Facebook other social networking sites or blog,100,50,14,4,1,1,1,24,24,10,24,5,0,1,A lot,Graduate degree,Ra/Hi ho,Telepathy,Hay,Actor,Wildlife animals
USA,OR,2019,10,Female,16,Right-Handed,175,25,180,1,Car,13,0.805,62,Soccer,800,800,600,750,900,950,24,Right foot,100,105,Ring finger,Setember,Fall,Yes,No,Meat,Water,History,7,9,4,Yes - broadband connection,Myspace Facebook other social networking sites or blog,10,20,6,0,9,6,14,0,5,5,2,3,0,1,A lot,Graduate degree,Po,Fly,Hay,Relative,Religious
USA,OR,2019,10,Female,15,Right-Handed,166,22.5,162,2,Bus,30,0.523,43,Other,1000,50,700,700,400,400,22.5,Same length,95,80,Index finger,December,Fall,No,Yes,Pizza/Pasta,Water,Music,6,10,3,Yes - other,In person,100,100,8,0,3,3,3,3,1,1,4,2,0,1,A lot,Undergraduate degree,Rock and roll,Freeze time,Hay,Coach or club leader,Environment
USA,OR,2019,10,Male,17,Right-Handed,176.5,26,180.5,1,Bus,20,0.746,53,Other,422,556,556,390,791,920,27,Left foot,95,96,Ring finger,July,Fall,No,No,Pizza/Pasta,Water,History,6,7,4,Yes - other,Internet chat or instant messaging,5,4,0,1,1,3,1,1,0.5,1,3,2,0,1,Some,Graduate degree,Po,Freeze time,Hay,Actor,Arts culture sorts
USA,OR,2019,10,Male,15,Right-Handed,186,26,189,1,Car,5,0.381,30,Football (American),1000,600,900,900,300,500,26,Same length,108,110,Ring finger,December,Summer,No,No,Meat,Water,History,8,6,5,Yes - broadband connection,Text messaging,30,30,15,2,2,8,11,1,2,2,1,2,0,1,Some,Undergraduate degree,Ra/Hi ho,Invisibility,Famous,Sorts erson,Religious
USA,OR,2019,10,Male,15,Right-Handed,164,25,170,1,Skateboard/Scooter/Rollerblade,20,0.256,48,Soccer,1000,1000,500,500,500,1000,25,Same length,100,110,Ring finger,January,Sring,Yes,No,Meat,Water,Mathematics and statistics,6,43687,4,Yes - broadband connection,In person,0,0,4,0,2,1,0,1,0,0,1,1,0,1,A lot,High school,Ra/Hi ho,Invisibility,Hay,Relative,Arts culture sorts
USA,OR,2019,10,Male,15,Right-Handed,165,23,152,1,Walk,15,0.66,66,Basketball,500,500,700,835,0.1,899,22,Right foot,88,91,Ring finger,July,Summer,No,No,Pizza/Pasta,Water,Mathematics and statistics,8,9,7,Yes - other,In person,4,7,1,0.5,0.5,2,2,1,0,0,0,1,0,1,Some,Some college,Ra/Hi ho,Invisibility,Rich,Other,Environment
USA,OR,2019,10,Male,15,Right-Handed,186,28,191,1,Car,10,0.082,32,Basketball,750,650,1000,400,200,1000,29,Left foot,100,120,Ring finger,December,Summer,Yes,No,Meat,Soft drink (caffeited),Physical education,3,3,4,Yes - dial-u connection,Myspace Facebook other social networking sites or blog,200,200,1,5,2,4,3,1,5,5,15,0,0,1,Some,Some college,Ra/Hi ho,Super strength,Rich,Sorts erson,Arts culture sorts
USA,OR,2019,9,Male,14,Right-Handed,167,25.4,166,2,Bus,20,0.22,38,Other,1000,1000,1000,1000,1000,2,27,Left foot,75,70,Index finger,August,Summer,Yes,No,Seafood,Water,Physical education,11,11.5,10,Yes - broadband connection,Text messaging,150,160,7,1,0.5,3,2,1,0,1,0,0,0,1,None,Graduate degree,Ra/Hi ho,Super strength,Hay,Sorts erson,Environment
USA,OR,2019,10,Male,16,Right-Handed,180,28,191,1,Car,7,0.546,39,Baseball/Softball,100,100,400,300,0,100,28.5,Left foot,10,10,Ring finger,August,Winter,Yes,No,Pizza/Pasta,Water,History,7,4,4,Yes - other,Text messaging,15,15,20,0.3,0,9,24,10,3,2,25,0.25,12,0.5,Very little,Other,Rock and roll,Fly,Hay,Relative,Religious
USA,OR,2019,10,Male,15,Right-Handed,189.5,27,192,2,Bus,15,0.69,57,Basketball,0,1000,50,50,20,50,27,Same length,96,100,Ring finger,January,Winter,No,No,Seafood,Milk,Mathematics and statistics,7,5,5,Yes - other,In person,10,12,3,0,0.75,0.25,4,0,0,0.5,4,2,12,0.25,Some,Graduate degree,Ra/Hi ho,Fly,Famous,Relative,Intertiol aid
USA,OR,2019,10,Male,15,Right-Handed,189.5,27,192,2,Bus,15,0.69,57,Basketball,0,1000,50,50,20,50,27,Same length,96,100,Ring finger,January,Winter,No,No,Seafood,Milk,Mathematics and statistics,7,5,5,Yes - other,In person,10,12,3,0,0.75,0.25,4,0,0,0.5,4,2,12,0.25,Some,Graduate degree,Ra/Hi ho,Fly,Famous,Relative,Intertiol aid
USA,OR,2019,10,Female,16,Right-Handed,165.1,22.86,163.4,1,Car,15,0.699,40,Other,500,700,700,800,300,1000,22.78,Right foot,,,Ring finger,November,Summer,No,No,Pizza/Pasta,Juice,Mathematics and statistics,6,5,4,Yes - other,Myspace Facebook other social networking sites or blog,22,15,50,100,12,24,34,0,100,130,145,4,24,0,Some,Undergraduate degree,Ra/Hi ho,Telepathy,Rich,Friend,Education/Youth develoment
USA,OR,2019,10,Male,16,Left-Handed,182,27.8,188,1,Car,10,0.391,50,Martial Arts,0,0,0,0,1000,1000,27.8,Same length,80,75,Index finger,July,Winter,Yes,No,Seafood,Water,Social studies,6.5,4.5,4,Yes - other,Myspace Facebook other social networking sites or blog,,,10,5,3,10,0,50,30,30,10,10,0,0,Very little,Graduate degree,Ra/Hi ho,Freeze time,Hay,Actor,Health
USA,OR,2019,10,Male,15,Left-Handed,178,25,182,1,Car,,0.687,46,Running/Jogging,,,,,,,25,Same length,95,90,Index finger,May,Sring,No,No,Salads,Milk,Other,7,11,7,Yes - other,In person,,,1,0,0,2,0.5,3,0.001,0,4,7,0,0,A lot,Other,Rock and roll,Freeze time,Hay,Other,Wildlife animals
USA,OR,2019,10,Male,15,Right-Handed,180,28,179,2,Car,11,0.402,50,Soccer,1000,250,500,500,750,750,28,Same length,850,950,Ring finger,August,Winter,No,No,Pizza/Pasta,Water,Science,8,12,3,Yes - broadband connection,In person,2,0,0,0,1,1,0,8,0,0,8,4,0,0,Some,Graduate degree,Po,Telepathy,Rich,Other,Health
USA,OR,2019,10,Male,16,Right-Handed,155,11,159,1,Bus,20,0.736,60,None,,,,,,,10,Right foot,13,19,Ring finger,May,Summer,Yes,No,Pizza/Pasta,Water,History,6,8,5,Yes - dial-u connection,In person,0,0,1,0,2,0,0,6,2,0,0,4,0,0,Some,High school,Rock and roll,Fly,Hay,Friend,Religious
USA,OR,2019,10,Female,16,Right-Handed,173,24,177,2,Boat,10,0.4999,110,Walking/Hiking,850,850,500,800,200,200,25,Left foot,109,117,Ring finger,January,Sring,Yes,No,Breads/Sandwiches,Tea,Comuters and technology,0.5,0.5,9,Yes - broadband connection,In person,3000,3000,5,24,0.5,0,0,24,24,24,24,2,0,0,A lot,Some college,Rock and roll,Freeze time,Hay,Other,Arts culture sorts
USA,OR,2019,8,Female,12,Right-Handed,167,24,161,1,Car,15,0.443,66,Basketball,70,70,50,70,30,60,24,Same length,70,70,,July,Fall,Yes,No,Rice/Noodle dishes,Water,Science,10,12,4,,,6,4,40,2,1,6,3,1,3,1,3,2,0,0,A lot,Some college,Po,Freeze time,Famous,Relative,Wildlife animals
USA,OR,2019,11,Male,16,Right-Handed,171,26,77,1,Walk,0.2,0.304,50,Football (American),700,800,600,400,300,500,26,Right foot,78,80,Ring finger,November,Fall,No,No,Rice/Noodle dishes,Water,Mathematics and statistics,6,9,4,Yes - broadband connection,Internet chat or instant messaging,0,0,0,0,3,0,6,0,10,0.5,3,1,0,0,A lot,Graduate degree,Po,Fly,Healthy,Friend,Intertiol aid
USA,OR,2019,10,Female,16,Right-Handed,157,28,133,1,Car,7,0.69,60,Other,,,,,,,,Same length,90,70,Ring finger,Aril,Winter,No,No,No favorite,Sorts drink,English,8,11,4,Yes - dial-u connection,Myspace Facebook other social networking sites or blog,300,150,44,2,30,25,9,0,80,45,55,0,0,0,A lot,Graduate degree,Ra/Hi ho,Invisibility,Hay,Relative,Health
USA,OR,2019,10,Male,16,Right-Handed,188,28,188,1,Car,4,0.618,31,Football (American),0,0,50,0,1000,1000,27,Right foot,105,120,Ring finger,Setember,Sring,Yes,No,Meat,Water,History,7,9,5,Yes - other,Myspace Facebook other social networking sites or blog,7,4,0,0,7,7,14,12,4,1,5,0,0,0,Some,Other,Po,Freeze time,Rich,Politician,Religious
USA,OR,2019,10,Male,16,Right-Handed,168,26,175,1,Bus,60,0.689,43,Basketball,750,500,375,540,300,600,27,Left foot,9,8.5,Index finger,February,,No,No,Meat,Water,Physical education,5,12,7,Yes - broadband connection,Text messaging,80,85,6,6,4,0,2,0,0,7,0,0,0,0,A lot,Some college,Ra/Hi ho,Freeze time,Hay,Coach or club leader,Education/Youth develoment
USA,OR,2019,11,Male,15,Right-Handed,169.5,26.7,72,2,Walk,3,0.675,84,Soccer,450,500,500,650,999,800,26.4,Same length,87,91,Ring finger,October,Summer,Yes,No,No favorite,Energy drink,Comuters and technology,8,9,6,Yes - broadband connection,Myspace Facebook other social networking sites or blog,15,279,5,0,3,,13,10,5,3,5,2,0,,Some,Graduate degree,Ra/Hi ho,Freeze time,Rich,Relative,Other
USA,OR,2019,10,Male,15,Right-Handed,165,23,163,1,Walk,15,0.58,66,Basketball,500,400,299,999,0.1,843,22,Right foot,91,88,Ring finger,July,Summer,No,No,Pizza/Pasta,Water,Mathematics and statistics,8,9,7,Yes - other,In person,5,7,1,0.5,1,1,2,1,1,0,0,0,0,,,,,,,,
USA,OR,2019,10,Male,15,Right-Handed,66,27,66,2,Car,3,0.215,63,Soccer,900,500,850,400,0,1000,26,Right foot,63,87,Ring finger,July,Fall,Yes,No,Pizza/Pasta,Water,Social studies,6,12,6,Yes - other,Cell phone,,,,1,3,,14,0,,,0,10,,,Some,High school,Ra/Hi ho,Telepathy,Famous,Other,Intertiol aid
USA,OR,2019,10,Male,15,Left-Handed,161,25,163,2,Car,15,0.5,58,Baseball/Softball,1000,1000,1000,1000,300,950,25,Same length,95,102,Ring finger,Aril,Winter,Yes,No,Meat,Water,Mathematics and statistics,7,5,4,Yes - other,Internet chat or instant messaging,5,4,5,1,1,3,1,2,,,4,5,,,A lot,Graduate degree,Ra/Hi ho,Freeze time,Hay,Relative,Health
USA,OR,2019,10,Male,17,Right-Handed,195,28,204,1,Car,8,0.413,62,Basketball,400,500,500,550,700,700,28,Same length,115,117,Ring finger,October,Summer,Yes,No,Pizza/Pasta,Sorts drink,Physical education,9,7,4,Yes - other,Text messaging,75,80,3,,0.5,2,3,,,4,,1,,,Very little,Some college,Ra/Hi ho,Fly,Hay,Friend,Wildlife animals
USA,OR,2019,10,Male,16,Left-Handed,183,29.9,185,1,Car,10,0.371,51,Football (American),200,300,200,400,500,800,30.1,Left foot,80,90,Ring finger,June,Winter,No,No,Desserts,Water,Physical education,9,8,4,Yes - broadband connection,Text messaging,40,43,3,,1,,3,,,1,1,,,,Some,Some college,Ra/Hi ho,Fly,Rich,Sorts erson,Wildlife animals
USA,OR,2019,10,Female,15,Right-Handed,160,17.7,158,2,Walk,15,0.813,44,Other,1000,1000,100,100,10,10,17.6,Right foot,68,66,Index finger,May,Fall,Yes,Yes,Fruit,Water,English,6,5,1,Yes - other,Myspace Facebook other social networking sites or blog,1,10,18,2,21,2,18,0,5,3,,,,,,,,,,,
USA,OR,2019,10,Female,15,Ambidextrous,165,23,170,1,,15,0.672,40,Gymstics,500,1000,500,500,1000,1000,23,Same length,9,9.5,Ring finger,August,Summer,No,No,Seafood,Water,Science,6,9,4,Yes - other,Text messaging,1000,2000,20,4,0,8,0,0,,,,,,,Some,Graduate degree,Po,Telepathy,Hay,Business erson,Health
USA,OR,2019,10,Male,16,Right-Handed,175,27,177,1,Car,20,0.541,77,Swimming,0,0,0,0,500,500,27,Same length,95,100,Ring finger,Aril,Fall,No,No,Meat,Tea,History,7,10,4,Yes - broadband connection,Text messaging,60,70,10,10,7,7,3,,,,,,,,Very little,High school,Classical,Super strength,Rich,Friend,Environment
USA,OR,2019,10,Female,15,Right-Handed,148,20,153,1,Car,10,0.71,56,Tennis,1000,80,1000,1000,10,0.101,20,Same length,,,,March,Winter,No,No,Seafood,Water,Social studies,10,22,5,Yes - other,In person,15,10,1,0,3,7,2,,,,,,,,,,,,,,
USA,OR,2019,10,Female,15,Right-Handed,148,20,153,1,Car,10,0.71,56,Tennis,1000,80,1000,1000,10,0.101,20,Same length,,,,March,Winter,No,No,Seafood,Water,Social studies,10,22,5,Yes - other,In person,15,10,1,0,3,7,2,,,,,,,,,,,,,,
USA,OR,2019,10,Male,16,Right-Handed,178,30,181,1,Walk,10,0.223,72,Football (American),,,,,,,30,Same length,100,105,Ring finger,January,Winter,Yes,No,Meat,Energy drink,Other,5,4,3,,In person,4,6,1,1.5,2,,,,,,,,,,,,,,,,
USA,OR,2019,10,Male,15,Right-Handed,168,26.67,178,1,Car,,0.666,33,Walking/Hiking,957,650,500,550,100,200,26.67,Same length,80,70,Index finger,Aril,Sring,No,No,Rice/Noodle dishes,Water,Art,8,10,3,Yes - broadband connection,Text messaging,84,257,15,25,,,,,,,,,,,Some,,,,,,
USA,OR,2019,10,Female,17,Right-Handed,158.5,23,169,2,Car,10,0.697,56,Other,,,,,,,23,Left foot,75,75,Same length,,Sring,No,No,No favorite,Water,Physical education,7,10,5,Yes - broadband connection,Text messaging,300,310,,,,,,,,,,,,,Some,Graduate degree,Ra/Hi ho,Telepathy,,,
USA,OR,2019,10,Female,17,Left-Handed,165,24,170,1,Car,10,0.72,52,,,,,,,,22,Right foot,70,65,Index finger,Aril,Fall,No,No,Rice/Noodle dishes,Water,Science,7,8,5,Yes - broadband connection,Internet chat or instant messaging,200,150,,,,,,,,,,,,,A lot,Undergraduate degree,Country,Fly,Hay,Relative,Intertiol aid
USA,OR,2019,8,,14,Right-Handed,165,23,165,1,Bus,15,0.51,47,Basketball,600,800,500,400,800,900,22,Right foot,8,7.5,,March,Sring,Yes,No,Rice/Noodle dishes,Water,English,7.5,9,4,Yes - broadband connection,Myspace Facebook other social networking sites or blog,35,30,,,,,,,,,,,,,,,,,,,
USA,OR,2019,10,Female,16,Right-Handed,60,28,151,2,Car,10,67,45,Dancing,,,,,,,26,Right foot,8,7,Index finger,August,Fall,Yes,No,Desserts,Energy drink,Music,6,10,3,Yes - broadband connection,Cell phone,4,4,,,,,,,,,,,,,,,,,,,
USA,OR,2019,8,Female,14,Right-Handed,165,23,165,1,Bus,15,0.51,47,Other,600,800,500,400,800,900,22,Right foot,8,7.5,Index finger,March,Sring,Yes,No,Breads/Sandwiches,Water,English,7.5,9,4,Yes - broadband connection,Myspace Facebook other social networking sites or blog,35,,,,,,,,,,,,,,,,,,,,
USA,OR,2019,10,Male,15,Right-Handed,186,26,189,1,Car,5,0.381,30,Football (American),1000,600,900,900,300,500,26,Same length,108,110,Ring finger,December,Summer,No,No,Meat,Water,History,8,6,5,Yes - broadband connection,Text messaging,30,,,,,,,,,,,,,,,,,,,,
USA,OR,2019,9,Male,14,Right-Handed,167.6,22.82,164,5,Car,18,0.435,41,Other,802,797,904,1000,198,112,11,Right foot,10,9,Index finger,August,Sring,No,No,Pizza/Pasta,Soft drink (caffeited),Other,5,5,4,Yes - broadband connection,Text messaging,,,,,,,,,,,,,,,,,,,,,
USA,OR,2019,10,Female,15,Right-Handed,160,23,160,2,Car,35,0.711,26,Gymstics,700,1000,400,100,1000,1000,23,Same length,96,98,,,,,,,,,,,,,,,,,,,,,,,,,,,,,,,,,,
USA,OR,2019,10,Female,16,Right-Handed,157,29,152,1,Car,10,0.179,46,Gymstics,0,0,0,0,100,200,28,Right foot,,,,,,,,,,,,,,,,,,,,,,,,,,,,,,,,,,,,
USA,OR,2019,9,Female,15,Right-Handed,160,23,134,2,Car,7,0.471,45,Other,241,342,422,53,0,27,,,,,,,,,,,,,,,,,,,,,,,,,,,,,,,,,,,,,,
USA,OR,2019,10,Male,16,Right-Handed,180,27,178,1,Car,10,0.52,31,Skateboarding/Rollerblading,1000,541,333,201,452,497,,,,,,,,,,,,,,,,,,,,,,,,,,,,,,,,,,,,,,
USA,OR,2019,10,Female,17,Right-Handed,160,30,163,1,Car,30,0.831,39,Dancing,800,700,850,450,450,550,,,,,,,,,,,,,,,,,,,,,,,,,,,,,,,,,,,,,,
USA,OR,2019,10,Male,17,Right-Handed,185,26,185,2,Car,5,0.52,73,Swimming,1000,800,600,500,100,0,,,,,,,,,,,,,,,,,,,,,,,,,,,,,,,,,,,,,,
USA,OR,2019,10,Female,16,Right-Handed,153,21,153,2,Car,15,0.741,45,Skateboarding/Rollerblading,900,1000,800,600,100,100,,,,,,,,,,,,,,,,,,,,,,,,,,,,,,,,,,,,,,
USA,OR,2019,9,Male,15,Right-Handed,180.34,26,177,1,Bus,15,0.27,38,Martial Arts,0,,,,,,,,,,,,,,,,,,,,,,,,,,,,,,,,,,,,,,,,,,,
USA,OR,2019,9,Male,15,Right-Handed,71,34,65,1,Car,20,0.443,41,Skateboarding/Rollerblading,369,,,,,,,,,,,,,,,,,,,,,,,,,,,,,,,,,,,,,,,,,,,
USA,OR,2019,10,Male,16,Right-Handed,185,27,173,1,Walk,10,0.654,66,None,1000,,,,,,,,,,,,,,,,,,,,,,,,,,,,,,,,,,,,,,,,,,,
USA,OR,2019,10,Male,15,Right-Handed,189.5,27,192,2,Bus,15,0.69,57,,,,,,,,,,,,,,,,,,,,,,,,,,,,,,,,,,,,,,,,,,,,,
USA,OR,2019,10,Female,17,Right-Handed,174,,,3,Car,15,60,35,,,,,,,,,,,,,,,,,,,,,,,,,,,,,,,,,,,,,,,,,,,,,
USA,OR,2019,10,Female,16,Right-Handed,165.1,22.86,22.78,1,Car,15,,,,,,,,,,,,,,,,,,,,,,,,,,,,,,,,,,,,,,,,,,,,,,,
USA,OR,2019,10,Male,15,Left-Handed,161,25,163,2,,,,,,,,,,,,,,,,,,,,,,,,,,,,,,,,,,,,,,,,,,,,,,,,,
USA,OR,2019,10,Male,16,Right-Handed,180,28,183,2,,,,,,,,,,,,,,,,,,,,,,,,,,,,,,,,,,,,,,,,,,,,,,,,,
USA,OR,2019,10,Male,15,Right-Handed,168,26.67,178,,,,,,,,,,,,,,,,,,,,,,,,,,,,,,,,,,,,,,,,,,,,,,,,,,
USA,OR,2019,10,Male,17,Right-Handed,176.5,26,180.5,,,,,,,,,,,,,,,,,,,,,,,,,,,,,,,,,,,,,,,,,,,,,,,,,,
USA,OR,2019,10,Female,17,Right-Handed,163.5,,,,,,,,,,,,,,,,,,,,,,,,,,,,,,,,,,,,,,,,,,,,,,,,,,,,
USA,OR,2019,10,Female,15,Ambidextrous,166,,,,,,,,,,,,,,,,,,,,,,,,,,,,,,,,,,,,,,,,,,,,,,,,,,,,
USA,OR,2019,10,Male,17,Right-Handed,187,,,,,,,,,,,,,,,,,,,,,,,,,,,,,,,,,,,,,,,,,,,,,,,,,,,,
USA,OR,2019,10,Female,15,,,,,,,,,,,,,,,,,,,,,,,,,,,,,,,,,,,,,,,,,,,,,,,,,,,,,,
USA,OR,2019,10,Female,15,,,,,,,,,,,,,,,,,,,,,,,,,,,,,,,,,,,,,,,,,,,,,,,,,,,,,,
USA,OR,2019,10,Female,16,,,,,,,,,,,,,,,,,,,,,,,,,,,,,,,,,,,,,,,,,,,,,,,,,,,,,,
USA,OR,2019,10,Female,15,,,,,,,,,,,,,,,,,,,,,,,,,,,,,,,,,,,,,,,,,,,,,,,,,,,,,,
USA,OR,2019,10,Female,17,,,,,,,,,,,,,,,,,,,,,,,,,,,,,,,,,,,,,,,,,,,,,,,,,,,,,,
USA,OR,2019,10,Female,16,,,,,,,,,,,,,,,,,,,,,,,,,,,,,,,,,,,,,,,,,,,,,,,,,,,,,,
USA,OR,2019,10,Male,15,,,,,,,,,,,,,,,,,,,,,,,,,,,,,,,,,,,,,,,,,,,,,,,,,,,,,,
USA,OR,2019,10,Male,16,,,,,,,,,,,,,,,,,,,,,,,,,,,,,,,,,,,,,,,,,,,,,,,,,,,,,,
USA,OR,2019,10,Male,16,,,,,,,,,,,,,,,,,,,,,,,,,,,,,,,,,,,,,,,,,,,,,,,,,,,,,,